md_path,video_id,youtube_url,uploaded_at
C:\Users\aweholy\Desktop\clone2026010\aweholy777.github.io\content\daily-qt\ntqt\2026-05-30.md,jhTdaflDIpo,https://youtu.be/jhTdaflDIpo,2026-06-11T14:56:16
C:\Users\aweholy\Desktop\clone2026010\aweholy777.github.io\content\daily-qt\ntqt\2026-01-12.md,9qg-EmHP-dw,https://youtu.be/9qg-EmHP-dw,2026-06-12T18:33:48
C:\Users\aweholy\Desktop\clone2026010\aweholy777.github.io\content\daily-qt\ntqt\2026-01-13.md,VKKojt1UNUk,https://youtu.be/VKKojt1UNUk,2026-06-13T12:30:11
C:\Users\user\qtproject\content\daily-qt\ntqt\2026-01-14.md,ydq4qz6nDrc,https://youtu.be/ydq4qz6nDrc,2026-06-14T12:44:02
C:\Users\user\qtproject\content\daily-qt\ntqt\2026-01-15.md,uj0eA2CvCv4,https://youtu.be/uj0eA2CvCv4,2026-06-14T14:43:10
C:\Users\user\qtproject\content\daily-qt\ntqt\2026-01-19.md,2JukHs9DELE,https://youtu.be/2JukHs9DELE,2026-06-15T05:12:01
C:\Users\user\qtproject\content\daily-qt\ntqt\2026-01-18.md,Qq569UJbV1Q,https://youtu.be/Qq569UJbV1Q,2026-06-15T05:12:06
C:\Users\user\qtproject\content\daily-qt\ntqt\2026-01-17.md,KBcmRC7PFAc,https://youtu.be/KBcmRC7PFAc,2026-06-15T05:12:10
C:\Users\user\qtproject\content\daily-qt\ntqt\2026-01-16.md,m1SsJSPvHUk,https://youtu.be/m1SsJSPvHUk,2026-06-15T05:12:15
C:\Users\user\qtproject\content\daily-qt\ntqt\2026-01-20.md,ybVnTOIcdpA,https://youtu.be/ybVnTOIcdpA,2026-06-15T07:25:27
C:\Users\user\qtproject\content\daily-qt\ntqt\2026-01-24.md,zvJWTDGRNks,https://youtu.be/zvJWTDGRNks,2026-06-16T05:59:33
C:\Users\user\qtproject\content\daily-qt\ntqt\2026-01-23.md,ecNgV4zIlsc,https://youtu.be/ecNgV4zIlsc,2026-06-16T05:59:40
C:\Users\user\qtproject\content\daily-qt\ntqt\2026-01-22.md,WJo0b9wuLjc,https://youtu.be/WJo0b9wuLjc,2026-06-16T05:59:46
C:\Users\user\qtproject\content\daily-qt\ntqt\2026-01-21.md,yPP2meYZmJ0,https://youtu.be/yPP2meYZmJ0,2026-06-16T05:59:51
C:\Users\user\qtproject\content\daily-qt\ntqt\2026-01-28.md,0cqNX_-Xdfw,https://youtu.be/0cqNX_-Xdfw,2026-06-17T05:31:10
C:\Users\user\qtproject\content\daily-qt\ntqt\2026-01-27.md,DTEZiC9AHqc,https://youtu.be/DTEZiC9AHqc,2026-06-17T05:31:24
C:\Users\user\qtproject\content\daily-qt\ntqt\2026-01-26.md,cCgPfXbzC3Y,https://youtu.be/cCgPfXbzC3Y,2026-06-17T05:31:33
C:\Users\user\qtproject\content\daily-qt\ntqt\2026-01-25.md,iV4u-OxughA,https://youtu.be/iV4u-OxughA,2026-06-17T05:31:46
C:\Users\user\qtproject\content\daily-qt\ntqt\2026-02-03.md,ZoIiqtOJEKM,https://youtu.be/ZoIiqtOJEKM,2026-06-17T23:59:17
C:\Users\user\qtproject\content\daily-qt\ntqt\2026-02-02.md,m3xu1r8mzuQ,https://youtu.be/m3xu1r8mzuQ,2026-06-17T23:59:24
C:\Users\user\qtproject\content\daily-qt\ntqt\2026-02-01.md,h53xyZ_4uFA,https://youtu.be/h53xyZ_4uFA,2026-06-17T23:59:32
C:\Users\user\qtproject\content\daily-qt\ntqt\2026-01-31.md,nnsJZFRgcaY,https://youtu.be/nnsJZFRgcaY,2026-06-17T23:59:39
C:\Users\user\qtproject\content\daily-qt\ntqt\2026-01-30.md,5p5jszuqL28,https://youtu.be/5p5jszuqL28,2026-06-17T23:59:46
C:\Users\user\qtproject\content\daily-qt\ntqt\2026-01-29.md,xvHyXJL1-IQ,https://youtu.be/xvHyXJL1-IQ,2026-06-17T23:59:54
C:\Users\user\qtproject\content\daily-qt\ntqt\2026-02-13.md,RR3472W8seE,https://youtu.be/RR3472W8seE,2026-06-19T05:07:14
C:\Users\user\qtproject\content\daily-qt\ntqt\2026-02-12.md,B7W8p43A_iI,https://youtu.be/B7W8p43A_iI,2026-06-19T05:07:23
C:\Users\user\qtproject\content\daily-qt\ntqt\2026-02-11.md,qlyys7UlzsE,https://youtu.be/qlyys7UlzsE,2026-06-19T05:07:29
C:\Users\user\qtproject\content\daily-qt\ntqt\2026-02-10.md,WajozFsokc8,https://youtu.be/WajozFsokc8,2026-06-19T05:07:35
C:\Users\user\qtproject\content\daily-qt\ntqt\2026-02-09.md,wTzSmWW6DQU,https://youtu.be/wTzSmWW6DQU,2026-06-19T05:07:42
C:\Users\user\qtproject\content\daily-qt\ntqt\2026-02-08.md,jGXOYBs5JXU,https://youtu.be/jGXOYBs5JXU,2026-06-19T05:07:56
C:\Users\user\qtproject\content\daily-qt\ntqt\2026-02-04.md,Pt8V9bGCDz0,https://youtu.be/Pt8V9bGCDz0,2026-06-19T20:00:10
C:\Users\user\qtproject\content\daily-qt\ntqt\2026-02-05.md,lH1NM7yYRJA,https://youtu.be/lH1NM7yYRJA,2026-06-19T20:00:18
C:\Users\user\qtproject\content\daily-qt\ntqt\2026-02-06.md,hFYACID87vk,https://youtu.be/hFYACID87vk,2026-06-19T20:00:26
C:\Users\user\qtproject\content\daily-qt\ntqt\2026-02-07.md,-NRGVBTk5N0,https://youtu.be/-NRGVBTk5N0,2026-06-19T20:00:35
C:\Users\user\qtproject\content\daily-qt\ntqt\2026-02-14.md,K-I0N0HpbXM,https://youtu.be/K-I0N0HpbXM,2026-06-19T20:00:41
C:\Users\user\qtproject\content\daily-qt\ntqt\2026-02-15.md,wVTalsN3f1w,https://youtu.be/wVTalsN3f1w,2026-06-19T20:00:49
C:\Users\user\qtproject\content\daily-qt\ntqt\2021-03-05.md,tPEbHTQUb5k,https://youtu.be/tPEbHTQUb5k,2026-06-20T20:00:11
C:\Users\user\qtproject\content\daily-qt\ntqt\2026-02-16.md,agLSRGBtVDo,https://youtu.be/agLSRGBtVDo,2026-06-20T20:00:16
C:\Users\user\qtproject\content\daily-qt\ntqt\2026-02-17.md,HSbFaBWV9H0,https://youtu.be/HSbFaBWV9H0,2026-06-20T20:00:23
C:\Users\user\qtproject\content\daily-qt\ntqt\2026-02-18.md,bniNnm-ceco,https://youtu.be/bniNnm-ceco,2026-06-20T20:00:29
C:\Users\user\qtproject\content\daily-qt\ntqt\2026-02-19.md,HHBvbKYxYDc,https://youtu.be/HHBvbKYxYDc,2026-06-20T20:00:36
C:\Users\user\qtproject\content\daily-qt\ntqt\2026-02-20.md,nYVuI2w6hCQ,https://youtu.be/nYVuI2w6hCQ,2026-06-20T20:00:45
C:\Users\user\qtproject\content\daily-qt\ntqt\2021-03-24.md,hmEfPUjyg24,https://youtu.be/hmEfPUjyg24,2026-06-21T20:00:13
C:\Users\user\qtproject\content\daily-qt\ntqt\2021-03-25.md,ZBlLqMXO_GE,https://youtu.be/ZBlLqMXO_GE,2026-06-21T20:00:24
C:\Users\user\qtproject\content\daily-qt\ntqt\2023-04-03.md,xwQbWi84hwM,https://youtu.be/xwQbWi84hwM,2026-06-21T20:00:33
C:\Users\user\qtproject\content\daily-qt\ntqt\2023-04-05.md,oIGdV5rArYg,https://youtu.be/oIGdV5rArYg,2026-06-21T20:00:40
C:\Users\user\qtproject\content\daily-qt\ntqt\2026-02-21.md,eY5zob81Wrk,https://youtu.be/eY5zob81Wrk,2026-06-21T20:00:46
C:\Users\user\qtproject\content\daily-qt\ntqt\2026-02-22.md,YL6N7YtxwLA,https://youtu.be/YL6N7YtxwLA,2026-06-21T20:00:55
C:\Users\user\qtproject\content\daily-qt\ntqt\2019-01-08.md,5GPBA3wHZqQ,https://youtu.be/5GPBA3wHZqQ,2026-06-22T20:00:12
C:\Users\user\qtproject\content\daily-qt\ntqt\2019-01-11.md,KjE4RTfSFAI,https://youtu.be/KjE4RTfSFAI,2026-06-22T20:00:19
C:\Users\user\qtproject\content\daily-qt\ntqt\2021-03-30.md,wPJjkAv67S0,https://youtu.be/wPJjkAv67S0,2026-06-22T20:00:26
C:\Users\user\qtproject\content\daily-qt\ntqt\2021-03-31.md,juVn58SIQkY,https://youtu.be/juVn58SIQkY,2026-06-22T20:00:34
C:\Users\user\qtproject\content\daily-qt\ntqt\2021-04-04.md,vymUvishHEU,https://youtu.be/vymUvishHEU,2026-06-22T20:00:40
C:\Users\user\qtproject\content\daily-qt\ntqt\2023-04-06.md,_k-wNIE_M9k,https://youtu.be/_k-wNIE_M9k,2026-06-22T20:00:47
C:\Users\user\qtproject\content\daily-qt\ntqt\2020-04-06.md,nSvZJdCYhGA,https://youtu.be/nSvZJdCYhGA,2026-06-23T20:00:11
C:\Users\user\qtproject\content\daily-qt\ntqt\2023-04-07.md,BE4-mYqnrHM,https://youtu.be/BE4-mYqnrHM,2026-06-23T20:00:18
C:\Users\user\qtproject\content\daily-qt\ntqt\2023-04-09.md,MXhyjpkOhII,https://youtu.be/MXhyjpkOhII,2026-06-23T20:00:23
C:\Users\user\qtproject\content\daily-qt\ntqt\2024-01-01.md,xF3Z_f4UWtI,https://youtu.be/xF3Z_f4UWtI,2026-06-23T20:00:29
C:\Users\user\qtproject\content\daily-qt\ntqt\2024-01-02.md,bClFcLmnPY0,https://youtu.be/bClFcLmnPY0,2026-06-23T20:00:35
C:\Users\user\qtproject\content\daily-qt\ntqt\2024-01-03.md,glqmVcjdpXU,https://youtu.be/glqmVcjdpXU,2026-06-23T20:00:44
C:\Users\user\qtproject\content\daily-qt\ntqt\2026-02-23.md,E3jpNEEsoU8,https://youtu.be/E3jpNEEsoU8,2026-06-24T20:00:16
C:\Users\user\qtproject\content\daily-qt\ntqt\2026-02-24.md,B1Wxz0UGE58,https://youtu.be/B1Wxz0UGE58,2026-06-24T20:00:24
C:\Users\user\qtproject\content\daily-qt\ntqt\2026-02-25.md,JUjloDoWuDU,https://youtu.be/JUjloDoWuDU,2026-06-24T20:00:35
C:\Users\user\qtproject\content\daily-qt\ntqt\2026-02-26.md,Wvw1X39ahfc,https://youtu.be/Wvw1X39ahfc,2026-06-24T20:00:41
C:\Users\user\qtproject\content\daily-qt\ntqt\2026-02-27.md,4z_2Caaf0B0,https://youtu.be/4z_2Caaf0B0,2026-06-24T20:00:49
C:\Users\user\qtproject\content\daily-qt\ntqt\2026-02-28.md,A9M8pEiBoaw,https://youtu.be/A9M8pEiBoaw,2026-06-24T20:00:56
C:\Users\user\qtproject\content\daily-qt\ntqt\2026-03-01.md,WWBI06FB_YA,https://youtu.be/WWBI06FB_YA,2026-06-25T20:00:12
C:\Users\user\qtproject\content\daily-qt\ntqt\2026-03-02.md,C6jpYqOn9t0,https://youtu.be/C6jpYqOn9t0,2026-06-25T20:00:21
C:\Users\user\qtproject\content\daily-qt\ntqt\2026-03-03.md,wyu0DPdYLUc,https://youtu.be/wyu0DPdYLUc,2026-06-25T20:00:28
C:\Users\user\qtproject\content\daily-qt\ntqt\2026-03-04.md,99ulw4R3NQM,https://youtu.be/99ulw4R3NQM,2026-06-25T20:00:36
C:\Users\user\qtproject\content\daily-qt\ntqt\2026-03-05.md,edfBPacN4xM,https://youtu.be/edfBPacN4xM,2026-06-25T20:00:41
C:\Users\user\qtproject\content\daily-qt\ntqt\2026-03-06.md,9QpflYvkveQ,https://youtu.be/9QpflYvkveQ,2026-06-25T20:00:46
C:\Users\user\qtproject\content\daily-qt\ntqt\2026-03-07.md,l4bKQ-ndwvs,https://youtu.be/l4bKQ-ndwvs,2026-06-26T20:00:11
C:\Users\user\qtproject\content\daily-qt\ntqt\2026-03-08.md,Taspf3HhChY,https://youtu.be/Taspf3HhChY,2026-06-26T20:00:17
C:\Users\user\qtproject\content\daily-qt\ntqt\2026-03-09.md,xX2KntVhSWI,https://youtu.be/xX2KntVhSWI,2026-06-26T20:00:24
C:\Users\user\qtproject\content\daily-qt\ntqt\2026-03-10.md,aywWlz8ToXw,https://youtu.be/aywWlz8ToXw,2026-06-26T20:00:31
C:\Users\user\qtproject\content\daily-qt\ntqt\2026-03-11.md,zJ1sH8NohKw,https://youtu.be/zJ1sH8NohKw,2026-06-26T20:00:39
C:\Users\user\qtproject\content\daily-qt\ntqt\2026-03-12.md,yM5WPIwFX9s,https://youtu.be/yM5WPIwFX9s,2026-06-26T20:00:47
C:\Users\user\qtproject\content\daily-qt\ntqt\2026-03-13.md,fO8TfR7UVyw,https://youtu.be/fO8TfR7UVyw,2026-06-27T20:00:22
C:\Users\user\qtproject\content\daily-qt\ntqt\2026-03-14.md,nVabQfVIJj4,https://youtu.be/nVabQfVIJj4,2026-06-27T20:00:40
C:\Users\user\qtproject\content\daily-qt\ntqt\2026-03-15.md,XqU8q2oIDzI,https://youtu.be/XqU8q2oIDzI,2026-06-27T20:01:07
C:\Users\user\qtproject\content\daily-qt\ntqt\2026-03-16.md,KzmqdDmB-dg,https://youtu.be/KzmqdDmB-dg,2026-06-27T20:01:28
C:\Users\user\qtproject\content\daily-qt\ntqt\2026-03-17.md,T_vVJLWHwIk,https://youtu.be/T_vVJLWHwIk,2026-06-27T20:01:50
C:\Users\user\qtproject\content\daily-qt\ntqt\2026-03-18.md,qZIo3V9knrc,https://youtu.be/qZIo3V9knrc,2026-06-27T20:02:12
C:\Users\user\qtproject\content\daily-qt\ntqt\2026-03-19.md,UK_Gc7lUmAA,https://youtu.be/UK_Gc7lUmAA,2026-06-28T20:00:10
C:\Users\user\qtproject\content\daily-qt\ntqt\2026-03-20.md,JF-u8NPCAj8,https://youtu.be/JF-u8NPCAj8,2026-06-28T20:00:17
C:\Users\user\qtproject\content\daily-qt\ntqt\2026-03-21.md,FKgqtTEDZUA,https://youtu.be/FKgqtTEDZUA,2026-06-28T20:00:23
C:\Users\user\qtproject\content\daily-qt\ntqt\2026-03-22.md,CedRCoOOucM,https://youtu.be/CedRCoOOucM,2026-06-28T20:00:29
C:\Users\user\qtproject\content\daily-qt\ntqt\2026-03-23.md,-miT6YQ8nL8,https://youtu.be/-miT6YQ8nL8,2026-06-28T20:00:40
C:\Users\user\qtproject\content\daily-qt\ntqt\2026-03-24.md,BYcCuw-Q3OU,https://youtu.be/BYcCuw-Q3OU,2026-06-28T20:00:47
C:\Users\user\qtproject\content\daily-qt\ntqt\2026-03-25.md,dmV8XjPa2TI,https://youtu.be/dmV8XjPa2TI,2026-06-29T20:00:11
C:\Users\user\qtproject\content\daily-qt\ntqt\2026-03-26.md,f90Tt7rTRNo,https://youtu.be/f90Tt7rTRNo,2026-06-29T20:00:16
C:\Users\user\qtproject\content\daily-qt\ntqt\2026-03-27.md,0fav96-ftmw,https://youtu.be/0fav96-ftmw,2026-06-29T20:00:20
C:\Users\user\qtproject\content\daily-qt\ntqt\2026-03-28.md,2zeSWOcwfY0,https://youtu.be/2zeSWOcwfY0,2026-06-29T20:00:26
C:\Users\user\qtproject\content\daily-qt\ntqt\2026-03-29.md,Ce3z1wvY2ZM,https://youtu.be/Ce3z1wvY2ZM,2026-06-29T20:00:31
C:\Users\user\qtproject\content\daily-qt\ntqt\2026-03-30.md,UmGe2A5t90k,https://youtu.be/UmGe2A5t90k,2026-06-29T20:00:36
C:\Users\user\qtproject\content\daily-qt\ntqt\2026-03-31.md,POD2L-kFbUo,https://youtu.be/POD2L-kFbUo,2026-06-30T20:00:09
C:\Users\user\qtproject\content\daily-qt\ntqt\2026-04-01.md,cT1r5xHuIj0,https://youtu.be/cT1r5xHuIj0,2026-06-30T20:00:19
C:\Users\user\qtproject\content\daily-qt\ntqt\2026-04-02.md,BAuVy9yVETc,https://youtu.be/BAuVy9yVETc,2026-06-30T20:00:25
C:\Users\user\qtproject\content\daily-qt\ntqt\2026-04-03.md,mpgS-qQGHlE,https://youtu.be/mpgS-qQGHlE,2026-06-30T20:00:31
C:\Users\user\qtproject\content\daily-qt\ntqt\2026-04-04.md,uSVSuyHZa2k,https://youtu.be/uSVSuyHZa2k,2026-06-30T20:00:35
C:\Users\user\qtproject\content\daily-qt\ntqt\2026-04-05.md,pbdhny98mGo,https://youtu.be/pbdhny98mGo,2026-06-30T20:00:39
C:\Users\user\qtproject\content\daily-qt\ntqt\2026-04-06.md,RAhJqvhNoao,https://youtu.be/RAhJqvhNoao,2026-07-01T20:00:08
C:\Users\user\qtproject\content\daily-qt\ntqt\2024-01-04.md,JTbtKQVtPGI,https://youtu.be/JTbtKQVtPGI,2026-07-01T20:00:14
C:\Users\user\qtproject\content\daily-qt\ntqt\2024-01-05.md,INCK9uUPHts,https://youtu.be/INCK9uUPHts,2026-07-01T20:00:20
C:\Users\user\qtproject\content\daily-qt\ntqt\2024-01-06.md,0deWrAx-9as,https://youtu.be/0deWrAx-9as,2026-07-01T20:00:26
C:\Users\user\qtproject\content\daily-qt\ntqt\2024-01-08.md,4WPtwnEaXm0,https://youtu.be/4WPtwnEaXm0,2026-07-01T20:00:33
C:\Users\user\qtproject\content\daily-qt\ntqt\2024-01-09.md,iLkPbEvk2iI,https://youtu.be/iLkPbEvk2iI,2026-07-01T20:00:40
C:\Users\user\qtproject\content\daily-qt\ntqt\2024-01-10.md,3IQg3stPeEk,https://youtu.be/3IQg3stPeEk,2026-07-02T20:00:11
C:\Users\user\qtproject\content\daily-qt\ntqt\2024-01-12.md,foFD_w3hduY,https://youtu.be/foFD_w3hduY,2026-07-02T20:00:17
C:\Users\user\qtproject\content\daily-qt\ntqt\2024-01-13.md,liBQpvQXFHs,https://youtu.be/liBQpvQXFHs,2026-07-02T20:00:27
C:\Users\user\qtproject\content\daily-qt\ntqt\2024-01-14.md,87gpzWDqsto,https://youtu.be/87gpzWDqsto,2026-07-02T20:00:33
C:\Users\user\qtproject\content\daily-qt\ntqt\2024-01-15.md,kzn5ikIZQuA,https://youtu.be/kzn5ikIZQuA,2026-07-02T20:00:40
C:\Users\user\qtproject\content\daily-qt\ntqt\2024-01-16.md,UQ-XjtC6oCI,https://youtu.be/UQ-XjtC6oCI,2026-07-02T20:00:48
C:\Users\user\qtproject\content\daily-qt\ntqt\2024-01-17.md,PSWialZ2zR8,https://youtu.be/PSWialZ2zR8,2026-07-03T20:00:10
C:\Users\user\qtproject\content\daily-qt\ntqt\2024-01-18.md,kRkeHQTYB-o,https://youtu.be/kRkeHQTYB-o,2026-07-03T20:00:17
C:\Users\user\qtproject\content\daily-qt\ntqt\2024-01-19.md,zlLjYSzH4P4,https://youtu.be/zlLjYSzH4P4,2026-07-03T20:00:23
C:\Users\user\qtproject\content\daily-qt\ntqt\2024-01-20.md,7LI9CSPtS9o,https://youtu.be/7LI9CSPtS9o,2026-07-03T20:00:30
C:\Users\user\qtproject\content\daily-qt\ntqt\2024-01-21.md,7YUGi6EjZ20,https://youtu.be/7YUGi6EjZ20,2026-07-03T20:00:34
C:\Users\user\qtproject\content\daily-qt\ntqt\2024-01-22.md,grRN1PS1oZM,https://youtu.be/grRN1PS1oZM,2026-07-03T20:00:41
C:\Users\user\qtproject\content\daily-qt\ntqt\2024-01-23.md,fmFy0v9SgdQ,https://youtu.be/fmFy0v9SgdQ,2026-07-04T20:00:31
C:\Users\user\qtproject\content\daily-qt\ntqt\2024-01-24.md,qclLOuZfQ1E,https://youtu.be/qclLOuZfQ1E,2026-07-04T20:00:53
C:\Users\user\qtproject\content\daily-qt\ntqt\2024-01-25.md,LKQlDcRcsxA,https://youtu.be/LKQlDcRcsxA,2026-07-04T20:01:28
C:\Users\user\qtproject\content\daily-qt\ntqt\2024-01-26.md,ug8kvpoZJSI,https://youtu.be/ug8kvpoZJSI,2026-07-04T20:02:05
C:\Users\user\qtproject\content\daily-qt\ntqt\2024-01-27.md,LPQitm8v4rE,https://youtu.be/LPQitm8v4rE,2026-07-04T20:02:30
C:\Users\user\qtproject\content\daily-qt\ntqt\2024-01-28.md,rAG7zN5Rk20,https://youtu.be/rAG7zN5Rk20,2026-07-04T20:03:05
C:\Users\user\qtproject\content\daily-qt\ntqt\2024-01-29.md,hoEBvOpfqMc,https://youtu.be/hoEBvOpfqMc,2026-07-05T20:00:12
C:\Users\user\qtproject\content\daily-qt\ntqt\2024-01-30.md,eV-QzUg0MnU,https://youtu.be/eV-QzUg0MnU,2026-07-05T20:00:17
C:\Users\user\qtproject\content\daily-qt\ntqt\2024-01-31.md,ON-sbk_B09g,https://youtu.be/ON-sbk_B09g,2026-07-05T20:00:25
C:\Users\user\qtproject\content\daily-qt\ntqt\2024-02-01.md,2uyrme2Gj_M,https://youtu.be/2uyrme2Gj_M,2026-07-05T20:00:31
C:\Users\user\qtproject\content\daily-qt\ntqt\2024-02-02.md,59LGr2raqhU,https://youtu.be/59LGr2raqhU,2026-07-05T20:00:37
C:\Users\user\qtproject\content\daily-qt\ntqt\2024-02-03.md,Wjf2jeZMBL8,https://youtu.be/Wjf2jeZMBL8,2026-07-05T20:00:44
C:\Users\user\qtproject\content\daily-qt\ntqt\2025-04-14.md,CJGMF21FjQs,https://youtu.be/CJGMF21FjQs,2026-07-06T20:00:11
C:\Users\user\qtproject\content\daily-qt\ntqt\2024-02-05.md,AIh6k9SfIzc,https://youtu.be/AIh6k9SfIzc,2026-07-06T20:00:18
C:\Users\user\qtproject\content\daily-qt\ntqt\2024-02-06.md,P8L51rjVu2g,https://youtu.be/P8L51rjVu2g,2026-07-06T20:00:25
C:\Users\user\qtproject\content\daily-qt\ntqt\2024-02-07.md,frtCzcV5WCA,https://youtu.be/frtCzcV5WCA,2026-07-06T20:00:33
C:\Users\user\qtproject\content\daily-qt\ntqt\2024-02-08.md,B7zj8Bw4iSo,https://youtu.be/B7zj8Bw4iSo,2026-07-06T20:00:38
C:\Users\user\qtproject\content\daily-qt\ntqt\2024-02-09.md,gWB7IAxN_A8,https://youtu.be/gWB7IAxN_A8,2026-07-06T20:00:43
C:\Users\user\qtproject\content\daily-qt\ntqt\2024-02-10.md,2VBvi4MMjlc,https://youtu.be/2VBvi4MMjlc,2026-07-07T20:00:09
C:\Users\user\qtproject\content\daily-qt\ntqt\2018-03-26.md,EZa9QiQdzlc,https://youtu.be/EZa9QiQdzlc,2026-07-07T20:00:20
C:\Users\user\qtproject\content\daily-qt\ntqt\2024-02-11.md,V9bm88rf3xE,https://youtu.be/V9bm88rf3xE,2026-07-07T20:00:30
C:\Users\user\qtproject\content\daily-qt\ntqt\2024-02-12.md,YsYeBPo63DY,https://youtu.be/YsYeBPo63DY,2026-07-07T20:00:42
C:\Users\user\qtproject\content\daily-qt\ntqt\2025-04-15.md,RyNIOwa56VY,https://youtu.be/RyNIOwa56VY,2026-07-07T20:00:51
C:\Users\user\qtproject\content\daily-qt\ntqt\2024-02-13.md,JC2nMXqY1Qc,https://youtu.be/JC2nMXqY1Qc,2026-07-07T20:00:58
C:\Users\user\qtproject\content\daily-qt\ntqt\2025-04-16.md,LIKRgKwVvro,https://youtu.be/LIKRgKwVvro,2026-07-08T20:00:10
C:\Users\user\qtproject\content\daily-qt\ntqt\2024-02-15.md,9MenyhfpnnI,https://youtu.be/9MenyhfpnnI,2026-07-08T20:00:15
C:\Users\user\qtproject\content\daily-qt\ntqt\2024-02-16.md,AFY21rgtEEU,https://youtu.be/AFY21rgtEEU,2026-07-08T20:00:18
C:\Users\user\qtproject\content\daily-qt\ntqt\2024-02-17.md,i3gD7P5232Y,https://youtu.be/i3gD7P5232Y,2026-07-08T20:00:24
C:\Users\user\qtproject\content\daily-qt\ntqt\2025-04-17.md,3mCZEahEBFM,https://youtu.be/3mCZEahEBFM,2026-07-08T20:00:27
C:\Users\user\qtproject\content\daily-qt\ntqt\2024-02-19.md,8bziADos400,https://youtu.be/8bziADos400,2026-07-08T20:00:32
C:\Users\user\qtproject\content\daily-qt\ntqt\2024-02-20.md,J6IyMkrGpfE,https://youtu.be/J6IyMkrGpfE,2026-07-09T20:00:10
C:\Users\user\qtproject\content\daily-qt\ntqt\2025-04-18.md,T8Y634iLlD0,https://youtu.be/T8Y634iLlD0,2026-07-09T20:00:17
C:\Users\user\qtproject\content\daily-qt\ntqt\2018-03-30.md,Y5tO36diQCY,https://youtu.be/Y5tO36diQCY,2026-07-09T20:00:28
C:\Users\user\qtproject\content\daily-qt\ntqt\2024-02-21.md,g8ieIItqx0o,https://youtu.be/g8ieIItqx0o,2026-07-09T20:00:34
C:\Users\user\qtproject\content\daily-qt\ntqt\2025-04-19.md,owQOUbrhzLI,https://youtu.be/owQOUbrhzLI,2026-07-09T20:00:40
C:\Users\user\qtproject\content\daily-qt\ntqt\2024-02-22.md,Zgt4Hci5vek,https://youtu.be/Zgt4Hci5vek,2026-07-09T20:00:45
C:\Users\user\qtproject\content\daily-qt\ntqt\2025-04-20.md,qurkmY9G2Y8,https://youtu.be/qurkmY9G2Y8,2026-07-10T20:00:10
C:\Users\user\qtproject\content\daily-qt\ntqt\2024-02-23.md,VDZS1ZqdrJM,https://youtu.be/VDZS1ZqdrJM,2026-07-10T20:00:16
C:\Users\user\qtproject\content\daily-qt\ntqt\2022-01-01.md,imtMXdRhreY,https://youtu.be/imtMXdRhreY,2026-07-10T20:00:22
C:\Users\user\qtproject\content\daily-qt\ntqt\2017-01-19.md,Y3HdMC4Zf_w,https://youtu.be/Y3HdMC4Zf_w,2026-07-10T20:00:29
C:\Users\user\qtproject\content\daily-qt\ntqt\2022-01-20.md,PWeN7eWV7bM,https://youtu.be/PWeN7eWV7bM,2026-07-10T20:00:38
C:\Users\user\qtproject\content\daily-qt\ntqt\2022-01-02.md,sTFhX9nw0Pw,https://youtu.be/sTFhX9nw0Pw,2026-07-10T20:00:44
C:\Users\user\qtproject\content\daily-qt\ntqt\2017-01-20.md,BENnqIVumgE,https://youtu.be/BENnqIVumgE,2026-07-11T20:00:15
C:\Users\user\qtproject\content\daily-qt\ntqt\2024-12-23.md,gCWGXQE9qUQ,https://youtu.be/gCWGXQE9qUQ,2026-07-11T20:00:37
C:\Users\user\qtproject\content\daily-qt\ntqt\2024-12-24.md,gDP8LCdAnYQ,https://youtu.be/gDP8LCdAnYQ,2026-07-11T20:00:49
C:\Users\user\qtproject\content\daily-qt\ntqt\2022-01-05.md,ESK0vKgE_CM,https://youtu.be/ESK0vKgE_CM,2026-07-11T20:01:01
C:\Users\user\qtproject\content\daily-qt\ntqt\2017-01-24.md,o5nnBilCjYo,https://youtu.be/o5nnBilCjYo,2026-07-11T20:01:11
C:\Users\user\qtproject\content\daily-qt\ntqt\2022-01-06.md,VrYfypGt4AA,https://youtu.be/VrYfypGt4AA,2026-07-11T20:01:25
C:\Users\user\qtproject\content\daily-qt\ntqt\2022-01-07.md,tILcmcaECGk,https://youtu.be/tILcmcaECGk,2026-07-12T20:00:08
C:\Users\user\qtproject\content\daily-qt\ntqt\2024-12-25.md,wbWm5mTwf7g,https://youtu.be/wbWm5mTwf7g,2026-07-12T20:00:13
C:\Users\user\qtproject\content\daily-qt\ntqt\2025-12-24.md,FQajkbTI3B8,https://youtu.be/FQajkbTI3B8,2026-07-12T20:00:20
C:\Users\user\qtproject\content\daily-qt\ntqt\2017-01-26.md,BuhDFTJjza8,https://youtu.be/BuhDFTJjza8,2026-07-12T20:00:24
C:\Users\user\qtproject\content\daily-qt\ntqt\2022-01-09.md,nHGLmmMGZJ8,https://youtu.be/nHGLmmMGZJ8,2026-07-12T20:00:31
C:\Users\user\qtproject\content\daily-qt\ntqt\2025-12-25.md,Nd2NcBcAzI8,https://youtu.be/Nd2NcBcAzI8,2026-07-12T20:00:38
C:\Users\user\qtproject\content\daily-qt\ntqt\2023-12-25.md,Cg99quwdKpo,https://youtu.be/Cg99quwdKpo,2026-07-13T20:00:45
C:\Users\user\qtproject\content\daily-qt\ntqt\2017-01-28.md,qsgs_wJq0zI,https://youtu.be/qsgs_wJq0zI,2026-07-13T20:01:16
C:\Users\user\qtproject\content\daily-qt\ntqt\2022-01-10.md,t2ZQaQnZ_TA,https://youtu.be/t2ZQaQnZ_TA,2026-07-13T20:01:55
C:\Users\user\qtproject\content\daily-qt\ntqt\2022-01-11.md,6EhhrpTXylo,https://youtu.be/6EhhrpTXylo,2026-07-13T20:02:42
C:\Users\user\qtproject\content\daily-qt\ntqt\2017-01-29.md,gYPpMTUpK7s,https://youtu.be/gYPpMTUpK7s,2026-07-13T20:03:00
C:\Users\user\qtproject\content\daily-qt\ntqt\2022-01-12.md,bQxhuie-28c,https://youtu.be/bQxhuie-28c,2026-07-13T20:03:41
C:\Users\user\qtproject\content\daily-qt\ntqt\2016-12-25.md,OupxZAavVW4,https://youtu.be/OupxZAavVW4,2026-07-14T20:00:07
C:\Users\user\qtproject\content\daily-qt\ntqt\2017-01-30.md,i__6THd6ReM,https://youtu.be/i__6THd6ReM,2026-07-14T20:00:12
C:\Users\user\qtproject\content\daily-qt\ntqt\2022-01-13.md,0DSz9k3dSXU,https://youtu.be/0DSz9k3dSXU,2026-07-14T20:00:19
C:\Users\user\qtproject\content\daily-qt\ntqt\2022-01-14.md,2QvPT4k-o3k,https://youtu.be/2QvPT4k-o3k,2026-07-14T20:00:24
C:\Users\user\qtproject\content\daily-qt\ntqt\2022-01-15.md,tHUCFTmsxys,https://youtu.be/tHUCFTmsxys,2026-07-14T20:00:31
C:\Users\user\qtproject\content\daily-qt\ntqt\2022-01-16.md,8iw2BWgWQ50,https://youtu.be/8iw2BWgWQ50,2026-07-14T20:00:39
C:\Users\user\qtproject\content\daily-qt\ntqt\2022-01-17.md,g6z2xfGTvB0,https://youtu.be/g6z2xfGTvB0,2026-07-15T20:00:12
C:\Users\user\qtproject\content\daily-qt\ntqt\2022-01-18.md,NEkSwiTULDE,https://youtu.be/NEkSwiTULDE,2026-07-15T20:00:19
C:\Users\user\qtproject\content\daily-qt\ntqt\2022-01-19.md,5wTH3Oyz3dQ,https://youtu.be/5wTH3Oyz3dQ,2026-07-15T20:00:28
C:\Users\user\qtproject\content\daily-qt\ntqt\2017-02-07.md,uk3GDqYqAYM,https://youtu.be/uk3GDqYqAYM,2026-07-15T20:00:33
C:\Users\user\qtproject\content\daily-qt\ntqt\2022-01-21.md,txRpryA8qd8,https://youtu.be/txRpryA8qd8,2026-07-15T20:00:41
C:\Users\user\qtproject\content\daily-qt\ntqt\2022-01-22.md,IrfRLeppAB4,https://youtu.be/IrfRLeppAB4,2026-07-15T20:00:49
C:\Users\user\qtproject\content\daily-qt\ntqt\2022-01-23.md,3lQrONjpQc8,https://youtu.be/3lQrONjpQc8,2026-07-16T20:00:12
C:\Users\user\qtproject\content\daily-qt\ntqt\2022-01-24.md,XZWuYOZy3Mw,https://youtu.be/XZWuYOZy3Mw,2026-07-16T20:00:18
C:\Users\user\qtproject\content\daily-qt\ntqt\2017-02-11.md,GlmkH-9dFoM,https://youtu.be/GlmkH-9dFoM,2026-07-16T20:00:23
C:\Users\user\qtproject\content\daily-qt\ntqt\2022-01-25.md,bFufVf27L0c,https://youtu.be/bFufVf27L0c,2026-07-16T20:00:30
C:\Users\user\qtproject\content\daily-qt\ntqt\2022-01-26.md,lrjnPiUIrsA,https://youtu.be/lrjnPiUIrsA,2026-07-16T20:00:40
C:\Users\user\qtproject\content\daily-qt\ntqt\2022-01-27.md,1IRN6TQoFbQ,https://youtu.be/1IRN6TQoFbQ,2026-07-16T20:00:49
C:\Users\user\qtproject\content\daily-qt\ntqt\2017-02-14.md,4ow9RylTYa4,https://youtu.be/4ow9RylTYa4,2026-07-17T20:00:08
C:\Users\user\qtproject\content\daily-qt\ntqt\2022-01-28.md,5ycetpY2dOg,https://youtu.be/5ycetpY2dOg,2026-07-17T20:00:16
C:\Users\user\qtproject\content\daily-qt\ntqt\2017-02-15.md,3JX9r9qxN6M,https://youtu.be/3JX9r9qxN6M,2026-07-17T20:00:20
C:\Users\user\qtproject\content\daily-qt\ntqt\2022-01-29.md,rRk4cbFGb0o,https://youtu.be/rRk4cbFGb0o,2026-07-17T20:00:28
C:\Users\user\qtproject\content\daily-qt\ntqt\2022-01-30.md,gpcg1mXFR5M,https://youtu.be/gpcg1mXFR5M,2026-07-17T20:00:33
C:\Users\user\qtproject\content\daily-qt\ntqt\2022-01-31.md,hyu3jAxpv0k,https://youtu.be/hyu3jAxpv0k,2026-07-17T20:00:43
C:\Users\user\qtproject\content\daily-qt\ntqt\2017-02-18.md,ORbfm0OxVi0,https://youtu.be/ORbfm0OxVi0,2026-07-18T20:00:09
C:\Users\user\qtproject\content\daily-qt\ntqt\2022-02-01.md,aPbCKFrJmd8,https://youtu.be/aPbCKFrJmd8,2026-07-18T20:00:16
C:\Users\user\qtproject\content\daily-qt\ntqt\2017-02-19.md,3OSKaEbQdMo,https://youtu.be/3OSKaEbQdMo,2026-07-18T20:00:25
C:\Users\user\qtproject\content\daily-qt\ntqt\2022-02-02.md,RQ-EgeExNyI,https://youtu.be/RQ-EgeExNyI,2026-07-18T20:00:35
C:\Users\user\qtproject\content\daily-qt\ntqt\2017-02-20.md,CoZ956NAI6Q,https://youtu.be/CoZ956NAI6Q,2026-07-18T20:00:40
C:\Users\user\qtproject\content\daily-qt\ntqt\2022-02-03.md,Vm5205ppjHQ,https://youtu.be/Vm5205ppjHQ,2026-07-18T20:00:47
C:\Users\user\qtproject\content\daily-qt\ntqt\2017-02-21.md,oL4-VwfhI9g,https://youtu.be/oL4-VwfhI9g,2026-07-19T20:00:09
C:\Users\user\qtproject\content\daily-qt\ntqt\2022-02-04.md,uKPVY5P9e00,https://youtu.be/uKPVY5P9e00,2026-07-19T20:00:16
C:\Users\user\qtproject\content\daily-qt\ntqt\2022-02-05.md,fNfdKoF7e2Y,https://youtu.be/fNfdKoF7e2Y,2026-07-19T20:00:24
C:\Users\user\qtproject\content\daily-qt\ntqt\2022-02-06.md,DVweFF_Dv-0,https://youtu.be/DVweFF_Dv-0,2026-07-19T20:00:31
C:\Users\user\qtproject\content\daily-qt\ntqt\2022-02-07.md,SXFPnsAiHIw,https://youtu.be/SXFPnsAiHIw,2026-07-19T20:00:44
C:\Users\user\qtproject\content\daily-qt\ntqt\2022-02-08.md,mUEGwI-5CRo,https://youtu.be/mUEGwI-5CRo,2026-07-19T20:00:53
C:\Users\user\qtproject\content\daily-qt\ntqt\2022-02-09.md,Ij7D0oO4VcA,https://youtu.be/Ij7D0oO4VcA,2026-07-20T20:00:13
C:\Users\user\qtproject\content\daily-qt\ntqt\2022-02-10.md,W5LWC5deXYo,https://youtu.be/W5LWC5deXYo,2026-07-20T20:00:20
C:\Users\user\qtproject\content\daily-qt\ntqt\2022-02-11.md,1dMT4aSml0s,https://youtu.be/1dMT4aSml0s,2026-07-20T20:00:28
C:\Users\user\qtproject\content\daily-qt\ntqt\2022-02-12.md,ifMFE37iDF0,https://youtu.be/ifMFE37iDF0,2026-07-20T20:00:37
C:\Users\user\qtproject\content\daily-qt\ntqt\2022-02-13.md,_XNfDGaf3hU,https://youtu.be/_XNfDGaf3hU,2026-07-20T20:00:43
C:\Users\user\qtproject\content\daily-qt\ntqt\2022-02-14.md,LNDwKnihcrE,https://youtu.be/LNDwKnihcrE,2026-07-20T20:00:51
C:\Users\user\qtproject\content\daily-qt\ntqt\2022-02-15.md,qJ022A4Dt_w,https://youtu.be/qJ022A4Dt_w,2026-07-21T20:00:11
C:\Users\user\qtproject\content\daily-qt\ntqt\2022-02-16.md,UOI39Tw6KR8,https://youtu.be/UOI39Tw6KR8,2026-07-21T20:00:19
C:\Users\user\qtproject\content\daily-qt\ntqt\2022-02-17.md,SBMQlQiZS9c,https://youtu.be/SBMQlQiZS9c,2026-07-21T20:00:27
C:\Users\user\qtproject\content\daily-qt\ntqt\2022-02-18.md,TDdO90iWjTE,https://youtu.be/TDdO90iWjTE,2026-07-21T20:00:34
C:\Users\user\qtproject\content\daily-qt\ntqt\2022-02-19.md,6Bz9y58byMg,https://youtu.be/6Bz9y58byMg,2026-07-21T20:00:41
C:\Users\user\qtproject\content\daily-qt\ntqt\2022-02-20.md,44-X0KSJoYE,https://youtu.be/44-X0KSJoYE,2026-07-21T20:00:48
C:\Users\user\qtproject\content\daily-qt\ntqt\2022-02-21.md,tNrNob6S90k,https://youtu.be/tNrNob6S90k,2026-07-22T20:00:13
C:\Users\user\qtproject\content\daily-qt\ntqt\2022-02-22.md,Dh-kwYTMSHI,https://youtu.be/Dh-kwYTMSHI,2026-07-22T20:00:24
C:\Users\user\qtproject\content\daily-qt\ntqt\2022-02-23.md,MtOUcgrK-6A,https://youtu.be/MtOUcgrK-6A,2026-07-22T20:00:31
C:\Users\user\qtproject\content\daily-qt\ntqt\2022-02-24.md,hCIq9PSM9dk,https://youtu.be/hCIq9PSM9dk,2026-07-22T20:00:42
C:\Users\user\qtproject\content\daily-qt\ntqt\2017-03-14.md,igEZKiIgEZ0,https://youtu.be/igEZKiIgEZ0,2026-07-22T20:00:49
C:\Users\user\qtproject\content\daily-qt\ntqt\2022-02-25.md,sMINpM7PGKc,https://youtu.be/sMINpM7PGKc,2026-07-22T20:01:01
C:\Users\user\qtproject\content\daily-qt\ntqt\2017-03-15.md,RgbTmfo_Sas,https://youtu.be/RgbTmfo_Sas,2026-07-23T20:00:15
C:\Users\user\qtproject\content\daily-qt\ntqt\2022-02-26.md,f6Dvp0gavPM,https://youtu.be/f6Dvp0gavPM,2026-07-23T20:00:32
C:\Users\user\qtproject\content\daily-qt\ntqt\2017-03-16.md,rxFHsVhkJnk,https://youtu.be/rxFHsVhkJnk,2026-07-23T20:00:46
C:\Users\user\qtproject\content\daily-qt\ntqt\2022-02-27.md,Pn-CY6xOpKY,https://youtu.be/Pn-CY6xOpKY,2026-07-23T20:01:17
C:\Users\user\qtproject\content\daily-qt\ntqt\2017-03-17.md,mVgWfvUNlIA,https://youtu.be/mVgWfvUNlIA,2026-07-23T20:01:35
C:\Users\user\qtproject\content\daily-qt\ntqt\2022-02-28.md,usDQMiorB6Y,https://youtu.be/usDQMiorB6Y,2026-07-23T20:02:04
C:\Users\user\qtproject\content\daily-qt\ntqt\2017-03-18.md,AZpl8WxMqXI,https://youtu.be/AZpl8WxMqXI,2026-07-24T20:00:09
C:\Users\user\qtproject\content\daily-qt\ntqt\2022-03-01.md,78wRAZDgTL8,https://youtu.be/78wRAZDgTL8,2026-07-24T20:00:16
C:\Users\user\qtproject\content\daily-qt\ntqt\2022-03-02.md,weJQ3bA-nb8,https://youtu.be/weJQ3bA-nb8,2026-07-24T20:00:21
C:\Users\user\qtproject\content\daily-qt\ntqt\2022-03-03.md,NJ4z5sW1jBs,https://youtu.be/NJ4z5sW1jBs,2026-07-24T20:00:28
C:\Users\user\qtproject\content\daily-qt\ntqt\2022-03-04.md,c8xZA0OuesY,https://youtu.be/c8xZA0OuesY,2026-07-24T20:00:33
C:\Users\user\qtproject\content\daily-qt\ntqt\2022-03-05.md,KUaWwha8UO4,https://youtu.be/KUaWwha8UO4,2026-07-24T20:00:38
C:\Users\user\qtproject\content\daily-qt\ntqt\2022-03-06.md,RG5_nGzUwVc,https://youtu.be/RG5_nGzUwVc,2026-07-25T20:00:23
C:\Users\user\qtproject\content\daily-qt\ntqt\2022-03-07.md,DyyU25Cfd4E,https://youtu.be/DyyU25Cfd4E,2026-07-25T20:00:38
C:\Users\user\qtproject\content\daily-qt\ntqt\2022-03-08.md,4vQb3CaSwdk,https://youtu.be/4vQb3CaSwdk,2026-07-25T20:00:58
C:\Users\user\qtproject\content\daily-qt\ntqt\2022-03-09.md,8fXuIFQgAfM,https://youtu.be/8fXuIFQgAfM,2026-07-25T20:01:18
C:\Users\user\qtproject\content\daily-qt\ntqt\2017-03-28.md,nIFr4DDWAXA,https://youtu.be/nIFr4DDWAXA,2026-07-25T20:01:30
C:\Users\user\qtproject\content\daily-qt\ntqt\2022-03-10.md,tCL0U71yiAY,https://youtu.be/tCL0U71yiAY,2026-07-25T20:01:39
C:\Users\user\qtproject\content\daily-qt\ntqt\2017-03-29.md,oQe-8yUsR6o,https://youtu.be/oQe-8yUsR6o,2026-07-26T20:00:08
C:\Users\user\qtproject\content\daily-qt\ntqt\2022-03-11.md,mq6N4N0RWQk,https://youtu.be/mq6N4N0RWQk,2026-07-26T20:00:14
C:\Users\user\qtproject\content\daily-qt\ntqt\2022-03-12.md,FB0nQmjFj0c,https://youtu.be/FB0nQmjFj0c,2026-07-26T20:00:20
C:\Users\user\qtproject\content\daily-qt\ntqt\2022-03-13.md,FfOp12dXR8M,https://youtu.be/FfOp12dXR8M,2026-07-26T20:00:26
C:\Users\user\qtproject\content\daily-qt\ntqt\2022-03-14.md,_Xt4LdD8c0k,https://youtu.be/_Xt4LdD8c0k,2026-07-26T20:00:34
C:\Users\user\qtproject\content\daily-qt\ntqt\2017-04-02.md,ek_xJCyacDc,https://youtu.be/ek_xJCyacDc,2026-07-26T20:00:38
C:\Users\user\qtproject\content\daily-qt\ntqt\2022-03-15.md,CwNEnCcVJkM,https://youtu.be/CwNEnCcVJkM,2026-07-27T20:00:11
C:\Users\user\qtproject\content\daily-qt\ntqt\2017-04-03.md,cFzwmpljJhE,https://youtu.be/cFzwmpljJhE,2026-07-27T20:00:16
C:\Users\user\qtproject\content\daily-qt\ntqt\2022-03-16.md,XGbVw0Kb_QQ,https://youtu.be/XGbVw0Kb_QQ,2026-07-27T20:00:22
C:\Users\user\qtproject\content\daily-qt\ntqt\2017-04-04.md,aG4xIJit5-Q,https://youtu.be/aG4xIJit5-Q,2026-07-27T20:00:27
C:\Users\user\qtproject\content\daily-qt\ntqt\2024-03-25.md,3KlovCc8SOw,https://youtu.be/3KlovCc8SOw,2026-07-27T20:00:45
C:\Users\user\qtproject\content\daily-qt\ntqt\2022-03-18.md,0SDn6OaIdNg,https://youtu.be/0SDn6OaIdNg,2026-07-27T20:00:53
C:\Users\user\qtproject\content\daily-qt\ntqt\2022-03-19.md,hKiH0Qf-aeY,https://youtu.be/hKiH0Qf-aeY,2026-07-28T20:00:13
C:\Users\user\qtproject\content\daily-qt\ntqt\2024-03-26.md,Drm1-yyDtE0,https://youtu.be/Drm1-yyDtE0,2026-07-28T20:00:19
C:\Users\user\qtproject\content\daily-qt\ntqt\2022-03-21.md,uwAOPozPqx4,https://youtu.be/uwAOPozPqx4,2026-07-28T20:00:27
C:\Users\user\qtproject\content\daily-qt\ntqt\2022-03-22.md,lLLl7CR810I,https://youtu.be/lLLl7CR810I,2026-07-28T20:00:33
C:\Users\user\qtproject\content\daily-qt\ntqt\2022-03-23.md,nP8xVFjmvxM,https://youtu.be/nP8xVFjmvxM,2026-07-28T20:00:39
C:\Users\user\qtproject\content\daily-qt\ntqt\2024-03-27.md,SLTUvkSIRcM,https://youtu.be/SLTUvkSIRcM,2026-07-28T20:00:44
C:\Users\user\qtproject\content\daily-qt\ntqt\2022-03-25.md,xQhQWVlhOYc,https://youtu.be/xQhQWVlhOYc,2026-07-29T20:00:59
C:\Users\user\qtproject\content\daily-qt\ntqt\2024-03-28.md,GH1jglDFbRA,https://youtu.be/GH1jglDFbRA,2026-07-29T20:02:25
C:\Users\user\qtproject\content\daily-qt\ntqt\2024-03-29.md,NMBxmhofrLM,https://youtu.be/NMBxmhofrLM,2026-07-29T20:03:31
C:\Users\user\qtproject\content\daily-qt\ntqt\2024-03-31.md,EF21nh36gh4,https://youtu.be/EF21nh36gh4,2026-07-29T20:04:35
C:\Users\user\qtproject\content\daily-qt\ntqt\2017-04-17.md,kzPd4Jxn380,https://youtu.be/kzPd4Jxn380,2026-07-29T20:05:19
C:\Users\user\qtproject\content\daily-qt\ntqt\2022-03-29.md,FGrw7y2ps_4,https://youtu.be/FGrw7y2ps_4,2026-07-29T20:06:14
C:\Users\user\qtproject\content\daily-qt\ntqt\2017-04-18.md,dSQP1paDB3U,https://youtu.be/dSQP1paDB3U,2026-07-30T20:00:10
C:\Users\user\qtproject\content\daily-qt\ntqt\2022-03-30.md,tWoHPzjZK2M,https://youtu.be/tWoHPzjZK2M,2026-07-30T20:00:15
C:\Users\user\qtproject\content\daily-qt\ntqt\2022-03-31.md,RbakyzUa7lM,https://youtu.be/RbakyzUa7lM,2026-07-30T20:00:20
C:\Users\user\qtproject\content\daily-qt\ntqt\2025-01-01.md,uXddcuKJTT0,https://youtu.be/uXddcuKJTT0,2026-07-30T20:00:27
C:\Users\user\qtproject\content\daily-qt\ntqt\2020-01-01.md,cA4iw8vUslY,https://youtu.be/cA4iw8vUslY,2026-07-30T20:00:36
C:\Users\user\qtproject\content\daily-qt\ntqt\2016-12-24.md,qAtWGsmPElE,https://youtu.be/qAtWGsmPElE,2026-07-30T20:00:40
C:\Users\user\qtproject\content\daily-qt\ntqt\2021-12-25.md,JxsRDQVX18I,https://youtu.be/JxsRDQVX18I,2026-07-31T20:01:20
C:\Users\user\qtproject\content\daily-qt\ntqt\2025-01-02.md,AA4rAANBUZI,https://youtu.be/AA4rAANBUZI,2026-07-31T20:02:23
C:\Users\user\qtproject\content\daily-qt\ntqt\2025-01-03.md,A5OoLyLDhOU,https://youtu.be/A5OoLyLDhOU,2026-07-31T20:03:19
C:\Users\user\qtproject\content\daily-qt\ntqt\2025-01-04.md,LzvKuV5sDd4,https://youtu.be/LzvKuV5sDd4,2026-07-31T20:04:37
C:\Users\user\qtproject\content\daily-qt\ntqt\2025-01-05.md,QtyDshGoO9s,https://youtu.be/QtyDshGoO9s,2026-07-31T20:06:00
C:\Users\user\qtproject\content\daily-qt\ntqt\2025-01-06.md,HyEgmIL_W2w,https://youtu.be/HyEgmIL_W2w,2026-07-31T20:06:54
C:\Users\user\qtproject\content\daily-qt\ntqt\2025-01-07.md,cILSc2MokLY,https://youtu.be/cILSc2MokLY,2026-08-01T20:00:11
C:\Users\user\qtproject\content\daily-qt\ntqt\2020-01-08.md,x0ttq3I5Keg,https://youtu.be/x0ttq3I5Keg,2026-08-01T20:00:18
C:\Users\user\qtproject\content\daily-qt\ntqt\2025-01-08.md,_TXVQRur9qo,https://youtu.be/_TXVQRur9qo,2026-08-01T20:00:24
C:\Users\user\qtproject\content\daily-qt\ntqt\2020-01-09.md,APx32rTqeBw,https://youtu.be/APx32rTqeBw,2026-08-01T20:00:30
C:\Users\user\qtproject\content\daily-qt\ntqt\2025-01-09.md,W62K80u0L90,https://youtu.be/W62K80u0L90,2026-08-01T20:00:37
C:\Users\user\qtproject\content\daily-qt\ntqt\2025-01-10.md,LYRtrfZWzsk,https://youtu.be/LYRtrfZWzsk,2026-08-01T20:00:44
C:\Users\user\qtproject\content\daily-qt\ntqt\2025-01-11.md,p6r0_hX-Ep4,https://youtu.be/p6r0_hX-Ep4,2026-08-02T20:00:10
C:\Users\user\qtproject\content\daily-qt\ntqt\2025-01-12.md,wwkYSg5YY5U,https://youtu.be/wwkYSg5YY5U,2026-08-02T20:00:18
C:\Users\user\qtproject\content\daily-qt\ntqt\2025-01-13.md,aGqM-JsSVU0,https://youtu.be/aGqM-JsSVU0,2026-08-02T20:00:25
C:\Users\user\qtproject\content\daily-qt\ntqt\2025-01-14.md,agaxEptv9Go,https://youtu.be/agaxEptv9Go,2026-08-02T20:00:31
C:\Users\user\qtproject\content\daily-qt\ntqt\2020-01-15.md,GP5IgyaMEqs,https://youtu.be/GP5IgyaMEqs,2026-08-02T20:00:37
C:\Users\user\qtproject\content\daily-qt\ntqt\2025-01-15.md,ep8Sc2k5J0w,https://youtu.be/ep8Sc2k5J0w,2026-08-02T20:00:47
C:\Users\user\qtproject\content\daily-qt\ntqt\2020-01-16.md,XLPg7unC6_4,https://youtu.be/XLPg7unC6_4,2026-08-04T20:00:15
C:\Users\user\qtproject\content\daily-qt\ntqt\2025-01-16.md,0wltWNlanuU,https://youtu.be/0wltWNlanuU,2026-08-04T20:00:23
C:\Users\user\qtproject\content\daily-qt\ntqt\2025-01-17.md,yNIQsIabjcA,https://youtu.be/yNIQsIabjcA,2026-08-04T20:00:29
C:\Users\user\qtproject\content\daily-qt\ntqt\2020-01-18.md,p1UTCzRgpuE,https://youtu.be/p1UTCzRgpuE,2026-08-04T20:00:37
C:\Users\user\qtproject\content\daily-qt\ntqt\2025-01-18.md,gtBTupkoboU,https://youtu.be/gtBTupkoboU,2026-08-04T20:00:48
C:\Users\user\qtproject\content\daily-qt\ntqt\2020-01-19.md,eFKhpy3nfYQ,https://youtu.be/eFKhpy3nfYQ,2026-08-04T20:00:57
C:\Users\user\qtproject\content\daily-qt\ntqt\2020-01-20.md,0y9SpDlBV8k,https://youtu.be/0y9SpDlBV8k,2026-08-05T20:01:32
C:\Users\user\qtproject\content\daily-qt\ntqt\2025-01-19.md,l9aZ9Aydn4A,https://youtu.be/l9aZ9Aydn4A,2026-08-05T20:04:01
C:\Users\user\qtproject\content\daily-qt\ntqt\2020-01-21.md,JF9oqhXypj4,https://youtu.be/JF9oqhXypj4,2026-08-05T20:05:07
C:\Users\user\qtproject\content\daily-qt\ntqt\2020-01-22.md,4F8A-paQV1g,https://youtu.be/4F8A-paQV1g,2026-08-05T20:06:56
C:\Users\user\qtproject\content\daily-qt\ntqt\2025-01-20.md,rV7iVSwfwdQ,https://youtu.be/rV7iVSwfwdQ,2026-08-05T20:09:35
C:\Users\user\qtproject\content\daily-qt\ntqt\2020-01-23.md,sc58qzQ9v-A,https://youtu.be/sc58qzQ9v-A,2026-08-05T20:11:09
C:\Users\user\qtproject\content\daily-qt\ntqt\2020-01-24.md,HA66PuFRb1k,https://youtu.be/HA66PuFRb1k,2026-08-06T20:00:10
C:\Users\user\qtproject\content\daily-qt\ntqt\2025-01-21.md,1JLGylx6ogU,https://youtu.be/1JLGylx6ogU,2026-08-06T20:00:19
C:\Users\user\qtproject\content\daily-qt\ntqt\2020-01-25.md,JSKm4OMyxOs,https://youtu.be/JSKm4OMyxOs,2026-08-06T20:00:25
C:\Users\user\qtproject\content\daily-qt\ntqt\2025-01-22.md,6DiJyZc_Wws,https://youtu.be/6DiJyZc_Wws,2026-08-06T20:00:33
C:\Users\user\qtproject\content\daily-qt\ntqt\2025-01-23.md,Iz6dNkNEHAc,https://youtu.be/Iz6dNkNEHAc,2026-08-06T20:00:40
C:\Users\user\qtproject\content\daily-qt\ntqt\2025-01-24.md,wFb9S0GxlGE,https://youtu.be/wFb9S0GxlGE,2026-08-06T20:00:49
C:\Users\user\qtproject\content\daily-qt\ntqt\2025-01-25.md,7yZSNJt8JUg,https://youtu.be/7yZSNJt8JUg,2026-08-07T20:00:12
C:\Users\user\qtproject\content\daily-qt\ntqt\2025-01-26.md,a3KeqRKs8ME,https://youtu.be/a3KeqRKs8ME,2026-08-07T20:00:19
C:\Users\user\qtproject\content\daily-qt\ntqt\2020-01-31.md,6ASngnsLe90,https://youtu.be/6ASngnsLe90,2026-08-07T20:00:29
C:\Users\user\qtproject\content\daily-qt\ntqt\2025-01-27.md,Yx0-DK5fXoI,https://youtu.be/Yx0-DK5fXoI,2026-08-07T20:00:38
C:\Users\user\qtproject\content\daily-qt\ntqt\2025-01-28.md,yNsvrk8a6Ng,https://youtu.be/yNsvrk8a6Ng,2026-08-07T20:00:43
C:\Users\user\qtproject\content\daily-qt\ntqt\2025-01-29.md,NCYySiy0oSE,https://youtu.be/NCYySiy0oSE,2026-08-07T20:00:49
C:\Users\user\qtproject\content\daily-qt\ntqt\2025-01-30.md,oEeRiGuDv18,https://youtu.be/oEeRiGuDv18,2026-08-08T20:00:10
C:\Users\user\qtproject\content\daily-qt\ntqt\2025-01-31.md,mW9FM7KRyAM,https://youtu.be/mW9FM7KRyAM,2026-08-08T20:00:17
C:\Users\user\qtproject\content\daily-qt\ntqt\2025-02-01.md,mnKRZr6nWko,https://youtu.be/mnKRZr6nWko,2026-08-08T20:00:26
C:\Users\user\qtproject\content\daily-qt\ntqt\2025-02-02.md,1Y4TSbxHDCA,https://youtu.be/1Y4TSbxHDCA,2026-08-08T20:00:32
C:\Users\user\qtproject\content\daily-qt\ntqt\2025-02-03.md,pIbbeqmAXto,https://youtu.be/pIbbeqmAXto,2026-08-08T20:00:39
C:\Users\user\qtproject\content\daily-qt\ntqt\2025-02-04.md,QngIYBYjuYY,https://youtu.be/QngIYBYjuYY,2026-08-08T20:00:45
C:\Users\user\qtproject\content\daily-qt\ntqt\2025-02-05.md,sIAPBvfMj0s,https://youtu.be/sIAPBvfMj0s,2026-08-10T22:49:34
C:\Users\user\qtproject\content\daily-qt\ntqt\2020-02-10.md,_Y19BAeBklI,https://youtu.be/_Y19BAeBklI,2026-08-10T22:49:41
C:\Users\user\qtproject\content\daily-qt\ntqt\2025-02-06.md,SC8xOMrx4yM,https://youtu.be/SC8xOMrx4yM,2026-08-10T22:49:47
C:\Users\user\qtproject\content\daily-qt\ntqt\2020-02-11.md,ix3rCjk4t3w,https://youtu.be/ix3rCjk4t3w,2026-08-10T22:49:53
C:\Users\user\qtproject\content\daily-qt\ntqt\2025-02-07.md,xPG56SUUX0o,https://youtu.be/xPG56SUUX0o,2026-08-10T22:49:58
C:\Users\user\qtproject\content\daily-qt\ntqt\2025-02-08.md,cSrkgbzr3dM,https://youtu.be/cSrkgbzr3dM,2026-08-10T22:50:05
C:\Users\user\qtproject\content\daily-qt\ntqt\2025-02-09.md,iEQvkGRKjdY,https://youtu.be/iEQvkGRKjdY,2026-08-10T22:50:44
C:\Users\user\qtproject\content\daily-qt\ntqt\2020-02-13.md,EbIvxlCFzJA,https://youtu.be/EbIvxlCFzJA,2026-08-10T22:50:51
C:\Users\user\qtproject\content\daily-qt\ntqt\2025-02-10.md,sLB0ngX6Jsc,https://youtu.be/sLB0ngX6Jsc,2026-08-10T22:50:58
C:\Users\user\qtproject\content\daily-qt\ntqt\2020-02-14.md,HGOddaYh2Xc,https://youtu.be/HGOddaYh2Xc,2026-08-10T22:51:04
C:\Users\user\qtproject\content\daily-qt\ntqt\2025-02-11.md,iDGx3yMt0cA,https://youtu.be/iDGx3yMt0cA,2026-08-10T22:51:12
C:\Users\user\qtproject\content\daily-qt\ntqt\2025-02-12.md,saroU62METw,https://youtu.be/saroU62METw,2026-08-10T22:51:21
C:\Users\user\qtproject\content\daily-qt\ntqt\2025-02-13.md,gussJIoZs7g,https://youtu.be/gussJIoZs7g,2026-08-11T20:00:10
C:\Users\user\qtproject\content\daily-qt\ntqt\2025-02-14.md,YukXkNmKe9g,https://youtu.be/YukXkNmKe9g,2026-08-11T20:00:18
C:\Users\user\qtproject\content\daily-qt\ntqt\2022-04-11.md,sl6fei3D7N4,https://youtu.be/sl6fei3D7N4,2026-08-11T20:00:23
C:\Users\user\qtproject\content\daily-qt\ntqt\2018-03-27.md,SFza3S6Qmdc,https://youtu.be/SFza3S6Qmdc,2026-08-11T20:00:32
C:\Users\user\qtproject\content\daily-qt\ntqt\2025-02-15.md,1i85a3U6RN4,https://youtu.be/1i85a3U6RN4,2026-08-11T20:00:41
C:\Users\user\qtproject\content\daily-qt\ntqt\2025-02-16.md,ur2pigwNUTI,https://youtu.be/ur2pigwNUTI,2026-08-11T20:00:49
C:\Users\user\qtproject\content\daily-qt\ntqt\2022-04-12.md,7Hec5aJyuRg,https://youtu.be/7Hec5aJyuRg,2026-08-12T20:00:13
C:\Users\user\qtproject\content\daily-qt\ntqt\2025-02-17.md,i2mMlwxe7PE,https://youtu.be/i2mMlwxe7PE,2026-08-12T20:00:21
C:\Users\user\qtproject\content\daily-qt\ntqt\2025-02-18.md,cD25H3uVbJU,https://youtu.be/cD25H3uVbJU,2026-08-12T20:00:29
C:\Users\user\qtproject\content\daily-qt\ntqt\2025-02-19.md,7wivowIhRwA,https://youtu.be/7wivowIhRwA,2026-08-12T20:00:36
C:\Users\user\qtproject\content\daily-qt\ntqt\2025-02-20.md,z7KSqqBguYY,https://youtu.be/z7KSqqBguYY,2026-08-12T20:00:45
C:\Users\user\qtproject\content\daily-qt\ntqt\2025-02-21.md,1JKVi9wD7z8,https://youtu.be/1JKVi9wD7z8,2026-08-12T20:00:55
C:\Users\user\qtproject\content\daily-qt\ntqt\2025-02-22.md,XXxYQ_L-aK8,https://youtu.be/XXxYQ_L-aK8,2026-08-13T20:00:10
C:\Users\user\qtproject\content\daily-qt\ntqt\2025-02-23.md,RDKXduq_TFI,https://youtu.be/RDKXduq_TFI,2026-08-13T20:00:19
C:\Users\user\qtproject\content\daily-qt\ntqt\2025-02-24.md,w_gVtRFb3o0,https://youtu.be/w_gVtRFb3o0,2026-08-13T20:00:27
C:\Users\user\qtproject\content\daily-qt\ntqt\2025-02-25.md,ILRhnO6cg-c,https://youtu.be/ILRhnO6cg-c,2026-08-13T20:00:34
C:\Users\user\qtproject\content\daily-qt\ntqt\2025-02-26.md,elzFz89O3rI,https://youtu.be/elzFz89O3rI,2026-08-13T20:00:42
C:\Users\user\qtproject\content\daily-qt\ntqt\2025-02-27.md,LzJ3edUsW9g,https://youtu.be/LzJ3edUsW9g,2026-08-13T20:00:49
C:\Users\user\qtproject\content\daily-qt\ntqt\2025-02-28.md,dZVMVuCWUuk,https://youtu.be/dZVMVuCWUuk,2026-08-14T20:00:14
C:\Users\user\qtproject\content\daily-qt\ntqt\2020-03-04.md,2it_ZkQQeBk,https://youtu.be/2it_ZkQQeBk,2026-08-14T20:00:24
C:\Users\user\qtproject\content\daily-qt\ntqt\2025-03-01.md,l0HqMwt-tJ8,https://youtu.be/l0HqMwt-tJ8,2026-08-14T20:00:38
C:\Users\user\qtproject\content\daily-qt\ntqt\2020-03-05.md,8KA9KX66Aew,https://youtu.be/8KA9KX66Aew,2026-08-14T20:00:45
C:\Users\user\qtproject\content\daily-qt\ntqt\2025-03-02.md,0MHSFJLikps,https://youtu.be/0MHSFJLikps,2026-08-14T20:00:53
C:\Users\user\qtproject\content\daily-qt\ntqt\2025-03-03.md,f3UPN4D27aU,https://youtu.be/f3UPN4D27aU,2026-08-14T20:01:03
C:\Users\user\qtproject\content\daily-qt\ntqt\2025-03-04.md,oDqPd_KHuHM,https://youtu.be/oDqPd_KHuHM,2026-08-15T20:00:10
C:\Users\user\qtproject\content\daily-qt\ntqt\2025-03-05.md,zy-zAnJYDnI,https://youtu.be/zy-zAnJYDnI,2026-08-15T20:00:18
C:\Users\user\qtproject\content\daily-qt\ntqt\2025-03-06.md,h2KDXp1F1Q4,https://youtu.be/h2KDXp1F1Q4,2026-08-15T20:00:30
C:\Users\user\qtproject\content\daily-qt\ntqt\2025-03-07.md,Z5y4eapIUao,https://youtu.be/Z5y4eapIUao,2026-08-15T20:00:36
C:\Users\user\qtproject\content\daily-qt\ntqt\2020-03-10.md,xCcYJ2Dra-0,https://youtu.be/xCcYJ2Dra-0,2026-08-15T20:00:44
C:\Users\user\qtproject\content\daily-qt\ntqt\2025-03-08.md,hlXfoa5NpmU,https://youtu.be/hlXfoa5NpmU,2026-08-15T20:00:51
C:\Users\user\qtproject\content\daily-qt\ntqt\2020-03-11.md,D_zHXg_nVvY,https://youtu.be/D_zHXg_nVvY,2026-08-16T20:00:09
C:\Users\user\qtproject\content\daily-qt\ntqt\2025-03-09.md,u2VlgynE_v4,https://youtu.be/u2VlgynE_v4,2026-08-16T20:00:17
C:\Users\user\qtproject\content\daily-qt\ntqt\2020-03-12.md,Bypap2q14v4,https://youtu.be/Bypap2q14v4,2026-08-16T20:00:23
C:\Users\user\qtproject\content\daily-qt\ntqt\2025-03-10.md,G0JmgUE4Q_8,https://youtu.be/G0JmgUE4Q_8,2026-08-16T20:00:33
C:\Users\user\qtproject\content\daily-qt\ntqt\2020-03-13.md,UYLS4OtzMYI,https://youtu.be/UYLS4OtzMYI,2026-08-16T20:00:38
C:\Users\user\qtproject\content\daily-qt\ntqt\2025-03-11.md,WBDp4YtxOCY,https://youtu.be/WBDp4YtxOCY,2026-08-16T20:00:44
C:\Users\user\qtproject\content\daily-qt\ntqt\2025-03-12.md,0doi-42u9O0,https://youtu.be/0doi-42u9O0,2026-08-17T20:00:16
C:\Users\user\qtproject\content\daily-qt\ntqt\2018-04-01.md,entVgUbaT0o,https://youtu.be/entVgUbaT0o,2026-08-17T20:00:24
C:\Users\user\qtproject\content\daily-qt\ntqt\2025-03-13.md,CkjRbsA8vVI,https://youtu.be/CkjRbsA8vVI,2026-08-17T20:00:31
C:\Users\user\qtproject\content\daily-qt\ntqt\2025-03-14.md,wcSuyG8_a5s,https://youtu.be/wcSuyG8_a5s,2026-08-17T20:00:39
C:\Users\user\qtproject\content\daily-qt\ntqt\2025-03-15.md,xzVVfRUbEtA,https://youtu.be/xzVVfRUbEtA,2026-08-17T20:00:50
C:\Users\user\qtproject\content\daily-qt\ntqt\2023-06-18.md,TpDM5-slYX8,https://youtu.be/TpDM5-slYX8,2026-08-17T20:01:02
C:\Users\user\qtproject\content\daily-qt\ntqt\2023-06-19.md,z_4FMO0d5Mg,https://youtu.be/z_4FMO0d5Mg,2026-08-18T20:00:10
C:\Users\user\qtproject\content\daily-qt\ntqt\2023-06-20.md,K6IC8noS0Ms,https://youtu.be/K6IC8noS0Ms,2026-08-18T20:00:15
C:\Users\user\qtproject\content\daily-qt\ntqt\2023-06-21.md,NB8k_U9sZQs,https://youtu.be/NB8k_U9sZQs,2026-08-18T20:00:20
C:\Users\user\qtproject\content\daily-qt\ntqt\2023-06-22.md,AyFMIltJA_I,https://youtu.be/AyFMIltJA_I,2026-08-18T20:00:28
C:\Users\user\qtproject\content\daily-qt\ntqt\2023-06-23.md,K9-kRHQyN3s,https://youtu.be/K9-kRHQyN3s,2026-08-18T20:00:36
C:\Users\user\qtproject\content\daily-qt\ntqt\2023-06-24.md,9oN5gtp4di0,https://youtu.be/9oN5gtp4di0,2026-08-18T20:00:42
C:\Users\user\qtproject\content\daily-qt\ntqt\2023-06-25.md,fT6QVAYLaDI,https://youtu.be/fT6QVAYLaDI,2026-08-19T20:00:10
C:\Users\user\qtproject\content\daily-qt\ntqt\2023-06-26.md,H7IadPd6Y7w,https://youtu.be/H7IadPd6Y7w,2026-08-19T20:00:19
C:\Users\user\qtproject\content\daily-qt\ntqt\2023-06-27.md,9I1ctxTWJZQ,https://youtu.be/9I1ctxTWJZQ,2026-08-19T20:00:26
C:\Users\user\qtproject\content\daily-qt\ntqt\2023-06-28.md,reft_1DQPyw,https://youtu.be/reft_1DQPyw,2026-08-19T20:00:36
C:\Users\user\qtproject\content\daily-qt\ntqt\2018-06-12.md,2WiT09ApAg8,https://youtu.be/2WiT09ApAg8,2026-08-19T20:00:51
C:\Users\user\qtproject\content\daily-qt\ntqt\2023-06-29.md,2zOD4Eo-IxE,https://youtu.be/2zOD4Eo-IxE,2026-08-19T20:01:01
C:\Users\user\qtproject\content\daily-qt\ntqt\2018-06-13.md,eoDd7KFzG8A,https://youtu.be/eoDd7KFzG8A,2026-08-20T20:00:10
C:\Users\user\qtproject\content\daily-qt\ntqt\2023-06-30.md,vx5sKaRlPfU,https://youtu.be/vx5sKaRlPfU,2026-08-20T20:00:18
C:\Users\user\qtproject\content\daily-qt\ntqt\2018-06-14.md,WOBpjGzGWTc,https://youtu.be/WOBpjGzGWTc,2026-08-20T20:00:26
C:\Users\user\qtproject\content\daily-qt\ntqt\2023-07-01.md,OaP5Ohf-1J8,https://youtu.be/OaP5Ohf-1J8,2026-08-20T20:00:34
C:\Users\user\qtproject\content\daily-qt\ntqt\2023-07-02.md,sJcnF1FXzIo,https://youtu.be/sJcnF1FXzIo,2026-08-20T20:00:41
C:\Users\user\qtproject\content\daily-qt\ntqt\2023-07-03.md,vmHJ_aV0Pvs,https://youtu.be/vmHJ_aV0Pvs,2026-08-20T20:00:48
C:\Users\user\qtproject\content\daily-qt\ntqt\2018-06-18.md,4t8BorgQqUE,https://youtu.be/4t8BorgQqUE,2026-08-21T17:37:17
C:\Users\user\qtproject\content\daily-qt\ntqt\2023-07-04.md,yHJgmA-aUB8,https://youtu.be/yHJgmA-aUB8,2026-08-21T18:05:12
C:\Users\user\qtproject\content\daily-qt\ntqt\2018-06-19.md,HRZOi4DCkMM,https://youtu.be/HRZOi4DCkMM,2026-08-21T19:05:10
C:\Users\user\qtproject\content\daily-qt\ntqt\2023-07-05.md,oSsdqqo7MPw,https://youtu.be/oSsdqqo7MPw,2026-08-21T20:05:12
C:\Users\user\qtproject\content\daily-qt\ntqt\2018-06-20.md,23sW-pOKtjE,https://youtu.be/23sW-pOKtjE,2026-08-21T21:05:14
C:\Users\user\qtproject\content\daily-qt\ntqt\2023-07-06.md,bJ1uvYCn_cg,https://youtu.be/bJ1uvYCn_cg,2026-08-21T22:05:08
C:\Users\user\qtproject\content\daily-qt\ntqt\2023-07-07.md,aAQ1yJJkaYA,https://youtu.be/aAQ1yJJkaYA,2026-08-21T23:05:12
C:\Users\user\qtproject\content\daily-qt\ntqt\2023-07-08.md,4QOHJjXRlNk,https://youtu.be/4QOHJjXRlNk,2026-08-22T00:05:11
C:\Users\user\qtproject\content\daily-qt\ntqt\2023-07-09.md,c8dwiLUrVRw,https://youtu.be/c8dwiLUrVRw,2026-08-22T01:05:10
C:\Users\user\qtproject\content\daily-qt\ntqt\2023-07-10.md,s1wJ8bJw6tA,https://youtu.be/s1wJ8bJw6tA,2026-08-22T02:05:11
C:\Users\user\qtproject\content\daily-qt\ntqt\2023-07-11.md,TjM9ZjuH3Ik,https://youtu.be/TjM9ZjuH3Ik,2026-08-22T03:05:13
C:\Users\user\qtproject\content\daily-qt\ntqt\2023-07-12.md,p7iCi8zUqVs,https://youtu.be/p7iCi8zUqVs,2026-08-22T04:05:10
C:\Users\user\qtproject\content\daily-qt\ntqt\2023-07-13.md,yNPgSZHpkKA,https://youtu.be/yNPgSZHpkKA,2026-08-22T05:05:10
C:\Users\user\qtproject\content\daily-qt\ntqt\2023-07-14.md,dcUzybxOSj0,https://youtu.be/dcUzybxOSj0,2026-08-22T06:05:12
C:\Users\user\qtproject\content\daily-qt\ntqt\2023-07-15.md,OOCWQ-koWts,https://youtu.be/OOCWQ-koWts,2026-08-22T07:05:12
C:\Users\user\qtproject\content\daily-qt\ntqt\2023-07-16.md,oXtZEEavNi4,https://youtu.be/oXtZEEavNi4,2026-08-22T08:05:09
C:\Users\user\qtproject\content\daily-qt\ntqt\2023-07-17.md,NqcoeGqdM9g,https://youtu.be/NqcoeGqdM9g,2026-08-22T09:05:10
C:\Users\user\qtproject\content\daily-qt\ntqt\2023-07-18.md,LdSQVxGoye0,https://youtu.be/LdSQVxGoye0,2026-08-22T10:05:11
C:\Users\user\qtproject\content\daily-qt\ntqt\2023-07-19.md,3Ph9iCzy56g,https://youtu.be/3Ph9iCzy56g,2026-08-22T11:05:09
C:\Users\user\qtproject\content\daily-qt\ntqt\2023-07-20.md,zv07_y0YYeY,https://youtu.be/zv07_y0YYeY,2026-08-22T12:05:14
C:\Users\user\qtproject\content\daily-qt\ntqt\2023-07-21.md,UA0rr-nZPto,https://youtu.be/UA0rr-nZPto,2026-08-22T18:05:11
C:\Users\user\qtproject\content\daily-qt\ntqt\2023-07-22.md,ut7jlGmrfUA,https://youtu.be/ut7jlGmrfUA,2026-08-22T19:05:09
C:\Users\user\qtproject\content\daily-qt\ntqt\2023-07-23.md,jFZrLtBmyRs,https://youtu.be/jFZrLtBmyRs,2026-08-22T20:05:09
C:\Users\user\qtproject\content\daily-qt\ntqt\2023-07-24.md,-GCYPWaencc,https://youtu.be/-GCYPWaencc,2026-08-22T21:05:12
C:\Users\user\qtproject\content\daily-qt\ntqt\2023-07-25.md,Ub3hCUa4FcE,https://youtu.be/Ub3hCUa4FcE,2026-08-22T22:05:13
C:\Users\user\qtproject\content\daily-qt\ntqt\2023-07-26.md,0h_uYs1tyhY,https://youtu.be/0h_uYs1tyhY,2026-08-22T23:05:11
C:\Users\user\qtproject\content\daily-qt\ntqt\2023-07-27.md,sWoc20WVkQ8,https://youtu.be/sWoc20WVkQ8,2026-08-23T00:05:12
C:\Users\user\qtproject\content\daily-qt\ntqt\2023-07-28.md,ukydtbY7PyY,https://youtu.be/ukydtbY7PyY,2026-08-23T01:05:14
C:\Users\user\qtproject\content\daily-qt\ntqt\2023-07-29.md,xfl88AR_hb4,https://youtu.be/xfl88AR_hb4,2026-08-23T02:05:11
C:\Users\user\qtproject\content\daily-qt\ntqt\2023-07-30.md,1deo5QZk9us,https://youtu.be/1deo5QZk9us,2026-08-23T03:05:11
C:\Users\user\qtproject\content\daily-qt\ntqt\2023-07-31.md,jcYe3Zp9tg8,https://youtu.be/jcYe3Zp9tg8,2026-08-23T04:05:10
C:\Users\user\qtproject\content\daily-qt\ntqt\2023-08-01.md,8dm1rKrpJ3Q,https://youtu.be/8dm1rKrpJ3Q,2026-08-23T05:05:11
C:\Users\user\qtproject\content\daily-qt\ntqt\2018-07-18.md,MF21OaX9Qnc,https://youtu.be/MF21OaX9Qnc,2026-08-23T06:05:09
C:\Users\user\qtproject\content\daily-qt\ntqt\2023-08-02.md,wMw4BULM7hg,https://youtu.be/wMw4BULM7hg,2026-08-23T07:05:13
C:\Users\user\qtproject\content\daily-qt\ntqt\2018-07-19.md,CAfl2A-GwHw,https://youtu.be/CAfl2A-GwHw,2026-08-23T08:05:10
C:\Users\user\qtproject\content\daily-qt\ntqt\2023-08-03.md,_23NB2TB3_o,https://youtu.be/_23NB2TB3_o,2026-08-23T09:05:11
C:\Users\user\qtproject\content\daily-qt\ntqt\2023-08-04.md,tnrpLM3e6Fs,https://youtu.be/tnrpLM3e6Fs,2026-08-23T10:05:12
C:\Users\user\qtproject\content\daily-qt\ntqt\2023-08-05.md,mjEIAlalRo4,https://youtu.be/mjEIAlalRo4,2026-08-23T11:05:10
C:\Users\user\qtproject\content\daily-qt\ntqt\2023-08-06.md,0GgAKXVPfKM,https://youtu.be/0GgAKXVPfKM,2026-08-23T12:05:09
C:\Users\user\qtproject\content\daily-qt\ntqt\2023-08-07.md,i66nPXxlQf4,https://youtu.be/i66nPXxlQf4,2026-08-23T13:05:13
C:\Users\user\qtproject\content\daily-qt\ntqt\2023-08-08.md,Jzf9fBYJsNY,https://youtu.be/Jzf9fBYJsNY,2026-08-23T19:05:12
C:\Users\user\qtproject\content\daily-qt\ntqt\2023-08-09.md,PPj9YmWzMEg,https://youtu.be/PPj9YmWzMEg,2026-08-23T20:05:11
C:\Users\user\qtproject\content\daily-qt\ntqt\2023-08-10.md,MzSd99fB8tw,https://youtu.be/MzSd99fB8tw,2026-08-23T21:05:12
C:\Users\user\qtproject\content\daily-qt\ntqt\2023-08-11.md,nlYLaLBHbxE,https://youtu.be/nlYLaLBHbxE,2026-08-23T22:05:11
C:\Users\user\qtproject\content\daily-qt\ntqt\2023-08-12.md,5rOy74Uco04,https://youtu.be/5rOy74Uco04,2026-08-23T23:05:12
C:\Users\user\qtproject\content\daily-qt\ntqt\2023-08-13.md,vfyZIWX9kUw,https://youtu.be/vfyZIWX9kUw,2026-08-24T00:05:10
C:\Users\user\qtproject\content\daily-qt\ntqt\2023-08-14.md,15RAKUWMR6Q,https://youtu.be/15RAKUWMR6Q,2026-08-24T01:05:10
C:\Users\user\qtproject\content\daily-qt\ntqt\2018-08-01.md,vT0hj02VLug,https://youtu.be/vT0hj02VLug,2026-08-24T02:05:14
C:\Users\user\qtproject\content\daily-qt\ntqt\2023-08-15.md,7uofTO2oy18,https://youtu.be/7uofTO2oy18,2026-08-24T03:05:11
C:\Users\user\qtproject\content\daily-qt\ntqt\2018-08-02.md,2Mu2Fsh2VZQ,https://youtu.be/2Mu2Fsh2VZQ,2026-08-24T04:05:09
C:\Users\user\qtproject\content\daily-qt\ntqt\2023-08-16.md,25CjcrZUt8g,https://youtu.be/25CjcrZUt8g,2026-08-24T05:05:11
C:\Users\user\qtproject\content\daily-qt\ntqt\2018-08-03.md,UrCpS6gQPsw,https://youtu.be/UrCpS6gQPsw,2026-08-24T06:05:09
C:\Users\user\qtproject\content\daily-qt\ntqt\2023-08-17.md,YTnscpb94IA,https://youtu.be/YTnscpb94IA,2026-08-24T07:05:11
C:\Users\user\qtproject\content\daily-qt\ntqt\2018-08-05.md,dEtr8mjl-FM,https://youtu.be/dEtr8mjl-FM,2026-08-24T08:05:08
C:\Users\user\qtproject\content\daily-qt\ntqt\2023-08-18.md,sqFk-2TBdxA,https://youtu.be/sqFk-2TBdxA,2026-08-24T09:05:09
C:\Users\user\qtproject\content\daily-qt\ntqt\2018-08-06.md,FY0aTRd_6co,https://youtu.be/FY0aTRd_6co,2026-08-24T10:05:09
C:\Users\user\qtproject\content\daily-qt\ntqt\2023-08-19.md,tcyY7IU2Sbc,https://youtu.be/tcyY7IU2Sbc,2026-08-24T11:05:11
C:\Users\user\qtproject\content\daily-qt\ntqt\2018-08-07.md,3vlLebOamrE,https://youtu.be/3vlLebOamrE,2026-08-24T12:05:09
C:\Users\user\qtproject\content\daily-qt\ntqt\2023-08-20.md,mJcqfErzpao,https://youtu.be/mJcqfErzpao,2026-08-24T13:05:09
C:\Users\user\qtproject\content\daily-qt\ntqt\2018-08-09.md,FFcwcNWmZ28,https://youtu.be/FFcwcNWmZ28,2026-08-24T14:05:10
C:\Users\user\qtproject\content\daily-qt\ntqt\2023-08-21.md,uWvmPrM88bg,https://youtu.be/uWvmPrM88bg,2026-08-24T20:05:13
C:\Users\user\qtproject\content\daily-qt\ntqt\2018-08-10.md,UzFrFPxXTS4,https://youtu.be/UzFrFPxXTS4,2026-08-24T21:05:08
C:\Users\user\qtproject\content\daily-qt\ntqt\2023-08-22.md,YsPqvsJbzP0,https://youtu.be/YsPqvsJbzP0,2026-08-24T22:05:09
C:\Users\user\qtproject\content\daily-qt\ntqt\2023-08-23.md,ufE39rgaDpE,https://youtu.be/ufE39rgaDpE,2026-08-24T23:05:08
C:\Users\user\qtproject\content\daily-qt\ntqt\2023-08-24.md,zvi1EH75Zw0,https://youtu.be/zvi1EH75Zw0,2026-08-25T00:05:10
C:\Users\user\qtproject\content\daily-qt\ntqt\2023-08-25.md,L9ETcWLw7YU,https://youtu.be/L9ETcWLw7YU,2026-08-25T01:05:09
C:\Users\user\qtproject\content\daily-qt\ntqt\2023-08-26.md,EpVwjqs-HPM,https://youtu.be/EpVwjqs-HPM,2026-08-25T02:05:08
C:\Users\user\qtproject\content\daily-qt\ntqt\2023-08-27.md,jIen1lC8Blg,https://youtu.be/jIen1lC8Blg,2026-08-25T03:05:09
C:\Users\user\qtproject\content\daily-qt\ntqt\2023-08-28.md,I4Z9JjgwVQo,https://youtu.be/I4Z9JjgwVQo,2026-08-25T04:05:13
C:\Users\user\qtproject\content\daily-qt\ntqt\2023-08-29.md,5OGPP-UEaNE,https://youtu.be/5OGPP-UEaNE,2026-08-25T05:05:09
C:\Users\user\qtproject\content\daily-qt\ntqt\2023-08-30.md,qoOnm5xwvNc,https://youtu.be/qoOnm5xwvNc,2026-08-25T06:05:10
C:\Users\user\qtproject\content\daily-qt\ntqt\2023-08-31.md,pYkLU2lcu-4,https://youtu.be/pYkLU2lcu-4,2026-08-25T07:05:11
C:\Users\user\qtproject\content\daily-qt\ntqt\2025-09-01.md,On71HtMPr90,https://youtu.be/On71HtMPr90,2026-08-25T08:05:10
C:\Users\user\qtproject\content\daily-qt\ntqt\2025-09-02.md,6CQsaA7yEPU,https://youtu.be/6CQsaA7yEPU,2026-08-25T09:05:15
C:\Users\user\qtproject\content\daily-qt\ntqt\2020-07-21.md,rBC3Ez0v5S4,https://youtu.be/rBC3Ez0v5S4,2026-08-25T10:05:11
C:\Users\user\qtproject\content\daily-qt\ntqt\2025-09-03.md,xiVOM2SKr80,https://youtu.be/xiVOM2SKr80,2026-08-25T11:05:17
C:\Users\user\qtproject\content\daily-qt\ntqt\2020-07-22.md,3JvaU5VfRuY,https://youtu.be/3JvaU5VfRuY,2026-08-25T12:06:17
C:\Users\user\qtproject\content\daily-qt\ntqt\2020-07-23.md,H1TzMZ9H-D8,https://youtu.be/H1TzMZ9H-D8,2026-08-25T13:05:13
C:\Users\user\qtproject\content\daily-qt\ntqt\2025-09-04.md,MCDQgqBwlps,https://youtu.be/MCDQgqBwlps,2026-08-25T14:05:22
C:\Users\user\qtproject\content\daily-qt\ntqt\2020-07-24.md,FnQG6VkrSH4,https://youtu.be/FnQG6VkrSH4,2026-08-25T15:05:11
C:\Users\user\qtproject\content\daily-qt\ntqt\2025-09-05.md,6X2LCEJfzIw,https://youtu.be/6X2LCEJfzIw,2026-08-25T21:05:11
C:\Users\user\qtproject\content\daily-qt\ntqt\2025-09-06.md,sf_34hlM4YA,https://youtu.be/sf_34hlM4YA,2026-08-25T22:05:12
C:\Users\user\qtproject\content\daily-qt\ntqt\2025-09-07.md,fl3LJjLxvT0,https://youtu.be/fl3LJjLxvT0,2026-08-25T23:05:11
C:\Users\user\qtproject\content\daily-qt\ntqt\2025-09-08.md,Ku9xn-25X_c,https://youtu.be/Ku9xn-25X_c,2026-08-26T00:05:11
C:\Users\user\qtproject\content\daily-qt\ntqt\2025-09-09.md,Xr18eR4BXUs,https://youtu.be/Xr18eR4BXUs,2026-08-26T01:05:11
C:\Users\user\qtproject\content\daily-qt\ntqt\2025-09-10.md,sit1dSKFeBY,https://youtu.be/sit1dSKFeBY,2026-08-26T03:05:12
C:\Users\user\qtproject\content\daily-qt\ntqt\2025-09-11.md,uefh836sviE,https://youtu.be/uefh836sviE,2026-08-26T04:05:10
C:\Users\user\qtproject\content\daily-qt\ntqt\2025-09-12.md,1jzc_cp7hvo,https://youtu.be/1jzc_cp7hvo,2026-08-26T05:05:15
C:\Users\user\qtproject\content\daily-qt\ntqt\2024-03-30.md,c-jdJM-rmlE,https://youtu.be/c-jdJM-rmlE,2026-08-26T06:05:10
C:\Users\user\qtproject\content\daily-qt\ntqt\2025-09-13.md,pmhDOEAl4FY,https://youtu.be/pmhDOEAl4FY,2026-08-26T07:05:12
C:\Users\user\qtproject\content\daily-qt\ntqt\2025-09-14.md,bGDyKJ68SuY,https://youtu.be/bGDyKJ68SuY,2026-08-26T08:05:11
C:\Users\user\qtproject\content\daily-qt\ntqt\2020-08-03.md,CNoBk-n95P4,https://youtu.be/CNoBk-n95P4,2026-08-26T09:05:10
C:\Users\user\qtproject\content\daily-qt\ntqt\2025-09-15.md,_uhvB-Ixr40,https://youtu.be/_uhvB-Ixr40,2026-08-26T10:05:11
C:\Users\user\qtproject\content\daily-qt\ntqt\2020-08-04.md,khyfC55pImQ,https://youtu.be/khyfC55pImQ,2026-08-26T11:05:15
C:\Users\user\qtproject\content\daily-qt\ntqt\2025-09-16.md,fsI4oNg_LYk,https://youtu.be/fsI4oNg_LYk,2026-08-26T12:05:10
C:\Users\user\qtproject\content\daily-qt\ntqt\2025-09-17.md,yGdkORhh2As,https://youtu.be/yGdkORhh2As,2026-08-26T13:05:14
C:\Users\user\qtproject\content\daily-qt\ntqt\2025-09-18.md,FsftTkIEVZk,https://youtu.be/FsftTkIEVZk,2026-08-26T14:05:11
C:\Users\user\qtproject\content\daily-qt\ntqt\2025-09-19.md,oaRughDEVrI,https://youtu.be/oaRughDEVrI,2026-08-26T15:05:11
C:\Users\user\qtproject\content\daily-qt\ntqt\2025-09-20.md,sF8DrjgBS-k,https://youtu.be/sF8DrjgBS-k,2026-08-26T16:05:13
C:\Users\user\qtproject\content\daily-qt\ntqt\2020-08-09.md,1TSLhKZLxVE,https://youtu.be/1TSLhKZLxVE,2026-08-26T17:05:11
C:\Users\user\qtproject\content\daily-qt\ntqt\2025-09-21.md,QONsPf3o7Q4,https://youtu.be/QONsPf3o7Q4,2026-08-26T22:05:20
C:\Users\user\qtproject\content\daily-qt\ntqt\2020-08-10.md,018crr2DTI8,https://youtu.be/018crr2DTI8,2026-08-26T23:05:13
C:\Users\user\qtproject\content\daily-qt\ntqt\2025-09-22.md,PfADg1DODCw,https://youtu.be/PfADg1DODCw,2026-08-27T00:05:12
C:\Users\user\qtproject\content\daily-qt\ntqt\2025-09-23.md,JDHCv4zApv8,https://youtu.be/JDHCv4zApv8,2026-08-27T01:05:12
C:\Users\user\qtproject\content\daily-qt\ntqt\2025-09-24.md,t8HrwBoFGb4,https://youtu.be/t8HrwBoFGb4,2026-08-27T02:05:13
C:\Users\user\qtproject\content\daily-qt\ntqt\2025-09-25.md,145xsATKY6M,https://youtu.be/145xsATKY6M,2026-08-27T04:05:10
C:\Users\user\qtproject\content\daily-qt\ntqt\2025-09-26.md,qPOht5I7Ouc,https://youtu.be/qPOht5I7Ouc,2026-08-27T05:05:14
C:\Users\user\qtproject\content\daily-qt\ntqt\2025-09-27.md,An-hTiWpFMs,https://youtu.be/An-hTiWpFMs,2026-08-27T06:05:11
C:\Users\user\qtproject\content\daily-qt\ntqt\2025-09-28.md,_JpIBmEkGbw,https://youtu.be/_JpIBmEkGbw,2026-08-27T07:05:11
C:\Users\user\qtproject\content\daily-qt\ntqt\2025-09-29.md,1mev4gLR8Rw,https://youtu.be/1mev4gLR8Rw,2026-08-27T08:05:11
C:\Users\user\qtproject\content\daily-qt\ntqt\2025-09-30.md,QmQ-TeIAhSs,https://youtu.be/QmQ-TeIAhSs,2026-08-27T09:05:11
C:\Users\user\qtproject\content\daily-qt\ntqt\2025-10-01.md,2AiSHdqC63Y,https://youtu.be/2AiSHdqC63Y,2026-08-27T10:05:12
C:\Users\user\qtproject\content\daily-qt\ntqt\2025-10-02.md,3pbGNyQMZpE,https://youtu.be/3pbGNyQMZpE,2026-08-27T11:05:15
C:\Users\user\qtproject\content\daily-qt\ntqt\2018-01-02.md,eG3HwY1hXSA,https://youtu.be/eG3HwY1hXSA,2026-08-27T12:05:11
C:\Users\user\qtproject\content\daily-qt\ntqt\2025-10-03.md,7bGZ0VJFAfI,https://youtu.be/7bGZ0VJFAfI,2026-08-27T13:05:10
C:\Users\user\qtproject\content\daily-qt\ntqt\2025-10-04.md,xs10AOScNLE,https://youtu.be/xs10AOScNLE,2026-08-27T14:05:11
C:\Users\user\qtproject\content\daily-qt\ntqt\2025-10-05.md,ZbGr08G3BrM,https://youtu.be/ZbGr08G3BrM,2026-08-27T15:05:13
C:\Users\user\qtproject\content\daily-qt\ntqt\2025-10-06.md,nemZc1J6cpM,https://youtu.be/nemZc1J6cpM,2026-08-27T16:05:10
C:\Users\user\qtproject\content\daily-qt\ntqt\2025-10-07.md,OrUD0aCWerI,https://youtu.be/OrUD0aCWerI,2026-08-27T17:05:12
C:\Users\user\qtproject\content\daily-qt\ntqt\2025-10-08.md,zNA6WNBoWP8,https://youtu.be/zNA6WNBoWP8,2026-08-27T18:05:11
C:\Users\user\qtproject\content\daily-qt\ntqt\2025-10-09.md,92qWUEyH-A8,https://youtu.be/92qWUEyH-A8,2026-08-27T23:05:12
C:\Users\user\qtproject\content\daily-qt\ntqt\2025-10-10.md,jHCV1H714lU,https://youtu.be/jHCV1H714lU,2026-08-28T00:05:14
C:\Users\user\qtproject\content\daily-qt\ntqt\2025-10-11.md,YtSC7P8Yjqc,https://youtu.be/YtSC7P8Yjqc,2026-08-28T01:05:09
C:\Users\user\qtproject\content\daily-qt\ntqt\2025-10-12.md,rsS5hGbfu3Q,https://youtu.be/rsS5hGbfu3Q,2026-08-28T02:05:13
C:\Users\user\qtproject\content\daily-qt\ntqt\2022-05-01.md,aTFEFHuUwXE,https://youtu.be/aTFEFHuUwXE,2026-08-28T03:05:11
C:\Users\user\qtproject\content\daily-qt\ntqt\2026-05-10.md,MwbHkEGup4U,https://youtu.be/MwbHkEGup4U,2026-08-28T05:05:20
C:\Users\user\qtproject\content\daily-qt\ntqt\2022-05-02.md,3ReK__G5kkY,https://youtu.be/3ReK__G5kkY,2026-08-28T06:05:14
C:\Users\user\qtproject\content\daily-qt\ntqt\2026-05-11.md,BOqVTXhovIw,https://youtu.be/BOqVTXhovIw,2026-08-28T07:05:15
C:\Users\user\qtproject\content\daily-qt\ntqt\2026-05-12.md,oLyies0tHb0,https://youtu.be/oLyies0tHb0,2026-08-28T08:05:10
C:\Users\user\qtproject\content\daily-qt\ntqt\2026-05-13.md,Lf58aKS2mNQ,https://youtu.be/Lf58aKS2mNQ,2026-08-28T09:05:13
C:\Users\user\qtproject\content\daily-qt\ntqt\2026-05-14.md,wxon_hudHSU,https://youtu.be/wxon_hudHSU,2026-08-28T10:05:19
C:\Users\user\qtproject\content\daily-qt\ntqt\2026-05-15.md,hZSGC_3LBsk,https://youtu.be/hZSGC_3LBsk,2026-08-28T11:05:17
C:\Users\user\qtproject\content\daily-qt\ntqt\2026-05-16.md,g_hOnQAk1M8,https://youtu.be/g_hOnQAk1M8,2026-08-28T12:05:15
C:\Users\user\qtproject\content\daily-qt\ntqt\2026-05-17.md,MnbIl3OQinY,https://youtu.be/MnbIl3OQinY,2026-08-28T13:05:12
C:\Users\user\qtproject\content\daily-qt\ntqt\2026-05-18.md,UrXGoW2rC5g,https://youtu.be/UrXGoW2rC5g,2026-08-28T14:05:15
C:\Users\user\qtproject\content\daily-qt\ntqt\2026-05-19.md,hK7MKOB5QAM,https://youtu.be/hK7MKOB5QAM,2026-08-28T15:05:16
C:\Users\user\qtproject\content\daily-qt\ntqt\2026-05-20.md,6PUOndvz9As,https://youtu.be/6PUOndvz9As,2026-08-28T16:05:11
C:\Users\user\qtproject\content\daily-qt\ntqt\2026-05-21.md,V-W4_PJPgZw,https://youtu.be/V-W4_PJPgZw,2026-08-28T17:05:12
C:\Users\user\qtproject\content\daily-qt\ntqt\2026-05-22.md,mNGKf4_T1wQ,https://youtu.be/mNGKf4_T1wQ,2026-08-28T18:05:12
C:\Users\user\qtproject\content\daily-qt\ntqt\2026-05-23.md,Nne_fydQCOA,https://youtu.be/Nne_fydQCOA,2026-08-28T19:05:11
C:\Users\user\qtproject\content\daily-qt\ntqt\2026-05-24.md,eP6YgJYGbKU,https://youtu.be/eP6YgJYGbKU,2026-08-29T00:05:13
C:\Users\user\qtproject\content\daily-qt\ntqt\2026-05-25.md,EF8d9oVbyLc,https://youtu.be/EF8d9oVbyLc,2026-08-29T01:05:18
C:\Users\user\qtproject\content\daily-qt\ntqt\2026-05-26.md,ILJtmp3zSEI,https://youtu.be/ILJtmp3zSEI,2026-08-29T02:05:11
C:\Users\user\qtproject\content\daily-qt\ntqt\2022-05-18.md,kZ_ody3aD_s,https://youtu.be/kZ_ody3aD_s,2026-08-29T03:05:14
C:\Users\user\qtproject\content\daily-qt\ntqt\2026-05-27.md,03Nw44cLQYo,https://youtu.be/03Nw44cLQYo,2026-08-29T04:05:18
C:\Users\user\qtproject\content\daily-qt\ntqt\2022-05-19.md,zUlB6Uo595w,https://youtu.be/zUlB6Uo595w,2026-08-29T06:05:12
C:\Users\user\qtproject\content\daily-qt\ntqt\2026-05-28.md,pL3WantWeKo,https://youtu.be/pL3WantWeKo,2026-08-29T07:05:13
C:\Users\user\qtproject\content\daily-qt\ntqt\2026-05-29.md,9IeSstP7noQ,https://youtu.be/9IeSstP7noQ,2026-08-29T08:05:11
C:\Users\user\qtproject\content\daily-qt\ntqt\2026-05-31.md,ag0VYreT4Q0,https://youtu.be/ag0VYreT4Q0,2026-08-29T09:05:10
C:\Users\user\qtproject\content\daily-qt\ntqt\2022-05-23.md,G23-9unQ8ZA,https://youtu.be/G23-9unQ8ZA,2026-08-29T10:05:11
C:\Users\user\qtproject\content\daily-qt\ntqt\2022-05-24.md,FRWLEOvb5pY,https://youtu.be/FRWLEOvb5pY,2026-08-29T11:05:12
C:\Users\user\qtproject\content\daily-qt\ntqt\2022-05-25.md,Hdqlb3XzzOA,https://youtu.be/Hdqlb3XzzOA,2026-08-29T12:05:12
C:\Users\user\qtproject\content\daily-qt\ntqt\2022-05-26.md,3KaNeX_V0AE,https://youtu.be/3KaNeX_V0AE,2026-08-29T13:05:14
C:\Users\user\qtproject\content\daily-qt\ntqt\2022-05-27.md,RyserZFDBV4,https://youtu.be/RyserZFDBV4,2026-08-29T14:05:11
C:\Users\user\qtproject\content\daily-qt\ntqt\2022-05-28.md,MRIh8ChcK68,https://youtu.be/MRIh8ChcK68,2026-08-29T15:05:10
C:\Users\user\qtproject\content\daily-qt\ntqt\2022-05-29.md,cZAiPuhvFQk,https://youtu.be/cZAiPuhvFQk,2026-08-29T16:05:10
C:\Users\user\qtproject\content\daily-qt\ntqt\2022-05-30.md,SLQXYTLjiV8,https://youtu.be/SLQXYTLjiV8,2026-08-29T17:05:13
